age,monthly_income,tenure_months,avg_session_time,support_tickets,discount_rate,region_code,marketing_score,purchase_frequency,customer_lifetime_value
56.0,25365.384649803487,30.0,52.21113995287409,3.0,0.03145373800901197,3.0,58.02983444964538,13.0,24543.53672831819
69.0,53791.698403211776,18.0,30.43664178242279,4.0,0.09367339566339444,5.0,97.62109380647249,1.0,18366.760854428027
46.0,77991.93295705467,2.0,52.97962057986577,2.0,0.01623538584587414,4.0,33.787636388972764,6.0,28648.320546198185
32.0,41051.439514837235,49.0,5.939565252853104,2.0,0.3716764477850062,4.0,48.959009568849574,13.0,20928.00436773223
60.0,,77.0,16.199777103171712,4.0,0.36166515199698157,,67.79757511429767,14.0,30102.601526581515
25.0,49724.44089465616,4.0,40.22966516501331,,0.06802811721582147,5.0,83.36222688474226,3.0,20970.83671514003
38.0,77447.55593094493,90.0,13.837632528681873,1.0,0.41803945039764046,1.0,73.2231804104966,11.0,34747.708840291634
56.0,36444.278140132315,89.0,17.38294209849925,2.0,0.07739301742305599,,58.34268528306418,3.0,21551.792719374345
36.0,73070.63744015737,94.0,27.08334703631091,4.0,,1.0,50.497042655210414,3.0,26419.37782242129
40.0,42499.78743260372,75.0,46.57158487873736,2.0,0.1244884495806825,3.0,83.47021716718709,10.0,26917.972317621286
28.0,36117.08092985012,7.0,6.560527380390663,3.0,0.1861535492865239,,75.2879202655406,11.0,21902.95135663493
28.0,52197.20146086498,95.0,37.554475432435915,5.0,0.12733188294498093,3.0,42.50952414617871,11.0,29037.482704544374
41.0,56849.13836015029,108.0,50.49445920729209,2.0,0.24447546321922603,4.0,41.91461203873946,10.0,22670.835344699208
53.0,88230.59213018857,74.0,32.07582187356562,2.0,0.2037039406773427,2.0,49.09023691120969,11.0,34777.18582299259
57.0,56390.75157737429,39.0,29.4675465561119,2.0,0.49328474538966327,4.0,46.52476268761251,8.0,26264.043240624185
41.0,53865.56123698772,13.0,41.026569238378606,2.0,0.027963175064112833,1.0,80.59681825092936,13.0,30470.165778883224
20.0,81922.85887803268,31.0,32.1183342091784,4.0,0.07109068819367581,5.0,68.71464644436035,5.0,31314.91677812604
39.0,62021.07888423073,71.0,55.8574967186112,2.0,0.026412946954301242,4.0,71.15574480806197,4.0,27708.288126662865
19.0,37114.49639664104,63.0,18.328804817983475,2.0,0.3129205974911879,2.0,63.83339273593552,13.0,16609.49305991525
41.0,77119.40770616384,56.0,34.22533767252373,3.0,0.02725463870685979,1.0,64.7754143067471,9.0,26663.55957379767
61.0,35207.62461141295,113.0,38.085295624410264,2.0,0.41821986868806166,4.0,28.363651693193773,9.0,20310.15058879515
47.0,37015.05443332581,42.0,29.323189222303107,2.0,0.2559693153409639,3.0,,1.0,8082.698170980437
55.0,33029.58601224173,61.0,-8.069239944361918,2.0,0.26350381229076686,5.0,48.730370388171146,2.0,28397.717010119326
19.0,31275.099434440875,42.0,32.58642637926211,5.0,0.2807972538560971,1.0,59.33689333900014,8.0,18961.127926182944
38.0,56663.46589679649,56.0,,4.0,0.08540685315310537,4.0,50.53654155729332,5.0,20807.385524388163
50.0,,36.0,46.67163779189026,4.0,0.09884515155724377,1.0,62.91743130303351,7.0,18622.653634580704
29.0,-19563.384272731128,84.0,40.32167723255299,4.0,0.15940866143650234,3.0,71.46187854487991,1.0,-8069.826697784561
39.0,44634.73876100974,68.0,18.53206462476165,,0.2967482079109257,2.0,39.82289934953342,12.0,25141.12493487881
61.0,39641.75488388732,118.0,40.92964193687725,4.0,0.10505888797010726,4.0,65.05498448488005,10.0,21652.436128272482
42.0,67856.5072859771,7.0,26.39843267686643,0.0,0.058165863566630616,1.0,51.019948424922866,12.0,30073.456462325565
66.0,38734.82777079274,54.0,40.30224358923,1.0,0.4850584432092161,1.0,86.42917551752006,5.0,15054.687098638313
44.0,100785.15582421786,1.0,36.82257517102573,4.0,0.010990907404811456,1.0,37.707491940407444,,41156.96962343834
59.0,77935.87157540486,44.0,20.354370930749425,1.0,,2.0,39.94967460871892,12.0,42103.286285876624
45.0,42201.79217980444,45.0,21.61316240964645,4.0,0.39401757478751104,1.0,52.8085956392638,3.0,16120.707553615717
33.0,72992.46157666165,,40.325336816322746,1.0,0.148607056922548,5.0,41.48712569972322,,19991.439836814807
32.0,60504.234253818955,47.0,31.683303570672475,2.0,0.0678133080036567,5.0,55.51237974026176,12.0,32443.786059340902
64.0,54669.315929604854,13.0,22.395778540143063,2.0,0.07281432335271171,1.0,49.44228987768574,12.0,35772.20698693659
68.0,66053.0451121486,119.0,21.157547154097504,,0.34871580861859625,5.0,61.76824755403625,14.0,40264.81904345647
61.0,51081.41748520973,22.0,30.44253728020676,4.0,0.32140329554308683,4.0,80.16144055648309,2.0,20196.554509611255
69.0,54807.02312154955,118.0,58.52157192077315,7.0,0.3913728371256934,5.0,61.42559211368549,2.0,24154.221712893974
20.0,66467.0503255793,21.0,27.108829516820617,,0.46874058619955233,1.0,63.24709121632955,9.0,28807.036460068895
54.0,91049.0548349098,86.0,34.78970692613617,4.0,0.345963681633296,3.0,38.853547943758,13.0,42655.23129964146
68.0,55023.89944439348,92.0,36.52466431534265,5.0,0.07792576827572173,4.0,57.318808923697404,4.0,16103.292001692142
24.0,40924.06670055688,9.0,18.034604127620856,3.0,0.12172130838270534,2.0,51.56491056781205,4.0,17138.547290945626
38.0,9415.382898120231,26.0,8.55751274235957,2.0,0.4210968654365573,1.0,73.6328192728097,7.0,16072.286089288691
,89226.06943927275,9.0,19.600388978964034,3.0,,2.0,44.70866033594605,10.0,33220.70377434736
56.0,44735.1657485608,15.0,38.70616066709455,2.0,0.03626115847724071,3.0,42.786888149775336,10.0,18713.33257724681
35.0,60696.18580162534,10.0,36.30996586873114,2.0,0.35164002702112523,2.0,66.34858394294697,13.0,31296.300435606085
21.0,88118.14473853988,88.0,45.53609853726598,4.0,0.20126317774507102,1.0,99.60206108745878,2.0,26502.132402941963
42.0,54552.04641860983,42.0,36.45124842438675,1.0,0.4600200262729518,1.0,56.481027520506736,3.0,22411.35253093505
31.0,46106.594762450404,72.0,33.35676062796195,5.0,0.32512753554683077,3.0,63.364168124609975,3.0,13565.68079899991
67.0,78393.45955087489,24.0,25.93981587612309,2.0,0.045209488895830374,1.0,78.96043696709572,6.0,37710.235943276035
26.0,59214.74135127838,80.0,48.26910184794039,3.0,0.47392828362683037,3.0,70.19807797230544,3.0,13716.041915578235
43.0,,49.0,21.21229791918925,6.0,0.12927863182012295,3.0,70.32958960764394,11.0,31068.673931098674
19.0,19536.782590564784,26.0,18.344007240559687,3.0,0.16860624520314288,1.0,58.0961509616399,5.0,6436.78863562892
37.0,74118.3041448517,91.0,43.50583276082155,3.0,0.20113020684177102,5.0,58.485296344434786,4.0,16655.577570535395
45.0,57511.76135983291,37.0,15.002640340195175,,0.025612148202156626,3.0,44.897029245469426,3.0,21042.90418969421
64.0,,68.0,71.22186497987947,3.0,0.24825771111530243,1.0,69.72746508602765,8.0,21126.96006993058
24.0,59701.8822322655,50.0,36.19990070838715,1.0,0.061659245537646123,5.0,69.27108859997286,14.0,26162.517830164496
61.0,8749.486521765008,24.0,40.21859174487328,0.0,0.20048516334417588,3.0,74.34329055387606,10.0,4217.961497953182
25.0,96839.50405025991,19.0,22.873702632149197,3.0,0.17535489399604215,5.0,50.23791058893309,3.0,31410.047278720693
64.0,,100.0,30.271027336376804,1.0,0.38642004171325167,4.0,76.60268798757211,6.0,25679.18445811909
,82235.85531436872,60.0,28.598643246764688,2.0,0.40158525581636556,4.0,82.66669576295874,13.0,40195.524059742835
,33740.889037626934,39.0,26.872475184970376,,,5.0,35.72083763447479,7.0,17005.79995548441
34.0,61204.51421941439,74.0,44.494426272647395,3.0,0.1832755936896131,3.0,54.062548412851875,7.0,27155.592131912992
53.0,31757.434867810025,89.0,28.256359426620783,1.0,0.18667658051591585,1.0,83.50047163921677,2.0,11191.159798453722
67.0,69942.3044379564,,50.262518436262724,2.0,0.07570522196804252,2.0,47.00888600294229,14.0,27434.07011623506
57.0,45293.62516185496,19.0,74.94773525179735,,0.39922675252559525,1.0,70.5752505436668,3.0,9083.61762243927
21.0,59355.590924154196,36.0,30.566881397801765,3.0,0.35361416416771163,2.0,60.17152004004863,12.0,28190.83463232286
19.0,50301.28763157989,74.0,37.28473270364936,4.0,,2.0,66.61758642847018,10.0,23487.119857643593
23.0,22686.704270326885,97.0,40.69223085748261,2.0,0.18336095429689953,3.0,60.781126053844226,10.0,20660.92467363189
59.0,60082.13719381069,55.0,62.17257218890275,2.0,0.05290251242825711,5.0,74.92341969128543,4.0,25411.16227701694
21.0,39935.25028668504,114.0,33.76028322442717,3.0,0.31410329854652197,1.0,39.56965728272244,7.0,21406.24016480026
46.0,70906.25586015222,69.0,,1.0,0.060685962274309835,5.0,41.73353511755427,2.0,21670.46319265976
35.0,45282.80383698646,,16.004892415614435,2.0,0.4929670843124589,4.0,89.29027100533713,3.0,9281.58030054524
43.0,48464.72181943336,49.0,34.13024078851649,4.0,0.39034103734393116,3.0,102.00726559970636,7.0,22799.77223116013
61.0,83658.52928745873,99.0,28.274296714191767,6.0,0.19511927479199753,3.0,59.89161122747275,7.0,33523.40535254846
51.0,97632.735890159,108.0,65.15013933950002,4.0,0.2892819661396772,4.0,94.3053208430342,10.0,26547.16345465927
27.0,65720.67911424165,98.0,61.5479363101545,1.0,0.4556709081082044,1.0,44.56450705972955,3.0,18344.512801359182
53.0,44257.198051532294,33.0,19.48440758114603,4.0,0.27704964019791306,,49.368282330280856,12.0,21021.88752849021
31.0,42506.77343287712,119.0,24.338598446762322,4.0,0.08724924319897759,1.0,89.14975023490743,1.0,13543.783035480317
48.0,33626.4602936284,21.0,36.10655161830329,1.0,0.18935167779057965,2.0,76.08213057246716,12.0,17871.135924260052
65.0,37495.23632892887,81.0,55.95839633838144,,0.4215724325148727,3.0,92.12854195864517,3.0,13657.898054555459
32.0,44527.80512992063,22.0,35.85519704556577,2.0,0.32210650799480894,1.0,,5.0,16905.666837211225
25.0,,48.0,,1.0,0.32536219216690015,5.0,39.7490784697145,,19004.25264231136
31.0,46055.566582929525,37.0,34.11677285145913,4.0,0.4334107428442446,5.0,64.47154715005354,4.0,13434.698506375129
40.0,25478.939916037947,15.0,25.572727041559297,3.0,0.44698652873125233,3.0,84.0400507693602,13.0,16848.756704477997
57.0,50833.30534250766,35.0,,3.0,0.45989628588971815,4.0,57.34529594707656,13.0,22248.65630384883
38.0,,92.0,24.364494325029426,6.0,,4.0,54.27132962988562,11.0,26700.33720286916
33.0,50712.70919700912,71.0,27.343459213595494,4.0,0.27206300098155045,1.0,69.67706805928245,11.0,28269.32590205958
62.0,65993.82445170415,32.0,52.42900720184144,9.0,0.3702547606091593,4.0,48.809874689096105,1.0,15145.05758488455
35.0,51380.11022718067,11.0,23.47452579028892,3.0,0.3784634225635069,3.0,65.91000966227001,6.0,28417.233548239423
64.0,65374.54984294658,10.0,13.308079511597565,2.0,0.30335810098500193,1.0,61.27002929342913,2.0,19639.35771567373
41.0,34393.1329188457,73.0,36.42490627034457,3.0,0.08339366759183708,2.0,,12.0,29368.867994636516
,85614.58876290446,78.0,29.59289893693106,2.0,0.39871027697083217,4.0,79.61474463734828,3.0,25073.74075971332
42.0,,77.0,42.671232513949306,5.0,0.36005566675747286,4.0,72.91975877901548,4.0,7867.111117002822
62.0,58004.379408140754,57.0,39.762079020966354,4.0,0.043067885774518144,1.0,52.92658831426748,6.0,24612.302947003984
58.0,34309.76212373395,25.0,34.52122258034957,3.0,0.23190491233718813,5.0,59.700774701198526,6.0,16935.65416271512
46.0,59436.53982532792,2.0,34.08434861795006,5.0,0.08698869976090179,4.0,54.574488003043264,7.0,24002.93092413629
32.0,63021.30113340608,64.0,23.962123260157476,3.0,0.16873852285648594,3.0,47.22704721514095,5.0,20095.227947801875
62.0,26604.6313234982,35.0,36.25020606489864,1.0,,4.0,26.034606551859284,7.0,14608.528269620367
18.0,16818.16823224687,7.0,48.21927172149153,3.0,,2.0,50.32344511287855,2.0,3889.153180326424
42.0,55873.32047218931,85.0,20.398298879007857,7.0,0.2749384605781052,4.0,47.51945003368755,1.0,14850.24830999804
24.0,40224.60353088935,18.0,34.91903935457698,,,5.0,62.297814156707176,12.0,27875.54233809218
26.0,55198.42938271459,67.0,50.57583133601918,2.0,0.33174517256435504,4.0,68.81397603056492,,22080.614962464846
41.0,24179.2785820377,42.0,42.581361398250486,5.0,0.41814565655123,1.0,43.956306603942295,8.0,17303.540511271196
18.0,18789.881712346585,118.0,54.6420934452607,2.0,0.10773145363786502,4.0,67.46994723454011,1.0,5077.621980575026
61.0,54133.78926002154,39.0,26.47786505248498,4.0,0.06024091121923397,5.0,40.8750843426665,12.0,25730.050048982586
25.0,43004.32478086295,41.0,7.53847327407701,1.0,0.42576858594896283,1.0,57.494149687230895,2.0,8933.884779815668
41.0,7786.009576996432,113.0,38.009777059335306,3.0,0.07830640744632494,3.0,47.95161798678333,11.0,10885.619810257946
28.0,76861.97636215459,75.0,40.43856222539728,8.0,0.48738004066809765,1.0,74.92347276158087,12.0,16853.02013070068
68.0,23846.858636324854,103.0,55.52632931709013,3.0,0.4212691146993185,2.0,62.33546199989196,10.0,13602.947759369283
34.0,101466.49904220864,24.0,52.82218602060476,5.0,0.2504383029447996,1.0,57.79664148336442,6.0,35030.5788267084
25.0,37519.66542222843,60.0,43.05115434518692,6.0,0.4907107124610126,3.0,47.4950047977023,1.0,13874.267898019309
52.0,58031.21136251997,46.0,46.480853212556504,,0.048688364554002106,4.0,53.42317383246922,10.0,25665.97402113121
52.0,82938.9802077437,19.0,32.12267812690041,4.0,0.15153288058755082,1.0,,3.0,28820.061773548106
50.0,79588.6785565765,68.0,16.71328083021175,3.0,0.3191122075203057,1.0,49.97831758554908,7.0,19377.660260021723
22.0,89722.72812453765,90.0,36.76581826071365,4.0,0.17500343423658937,1.0,69.58813835192967,12.0,37832.63417632654
59.0,19538.475222392935,102.0,49.73860195441666,0.0,0.4641862759903959,1.0,57.74707366224622,8.0,5464.028602150864
56.0,27282.690049855057,42.0,44.845413047428224,8.0,0.03281304408890878,3.0,69.01650629148075,4.0,4543.289436659854
58.0,54519.9454818806,32.0,47.50711008739047,2.0,0.2747059160304823,5.0,76.73951745386478,12.0,27020.155905244872
45.0,66794.94875795428,39.0,28.58366469429872,4.0,0.29543313369755725,5.0,52.92043013357847,3.0,28619.804566754054
,49775.45113240724,109.0,31.016797429723646,0.0,0.32636406188861206,1.0,74.19546852890247,1.0,17788.669157072465
26.0,17240.119285732224,110.0,,1.0,0.12783311166590722,3.0,115.13278954011679,12.0,17063.19077140525
25.0,,36.0,26.802389082368684,7.0,0.18228321375993223,3.0,71.3507998838341,9.0,22502.34805266449
29.0,46114.97223531931,,27.264243951004964,4.0,0.4218402648324888,1.0,92.27162929199592,10.0,19466.347204573456
51.0,45875.22082088267,101.0,39.469733545661775,5.0,0.09747138448507991,2.0,,6.0,16042.649179401385
50.0,4440.991643788853,97.0,46.413571147353615,1.0,0.413433923586681,1.0,41.36076755604988,6.0,9269.177720490643
65.0,65949.68408956629,36.0,32.007069900058866,5.0,0.2813277114513712,2.0,65.51387994505967,9.0,20858.102634647417
40.0,52904.08120570916,3.0,17.55215808419542,,0.38109375559704106,1.0,53.39232407580138,1.0,19436.494613127852
41.0,85903.29113277927,73.0,23.96294127435755,2.0,0.35680368313173577,2.0,48.08118605364853,6.0,29428.452004239516
54.0,48509.84706937655,8.0,38.055081273396475,1.0,0.1037557476924395,,58.54829579195429,,23480.739495160793
52.0,61326.802610380444,97.0,37.87281445798947,4.0,0.28440636821693643,1.0,56.90499842542496,5.0,27403.508069274547
61.0,66636.36352210525,70.0,,3.0,0.4338615764025462,2.0,38.80150188414278,13.0,24025.488994102874
57.0,15076.768826776177,41.0,42.81942935893635,1.0,0.21605811840096467,4.0,114.16923169439585,11.0,12415.126831896763
39.0,102333.99893203186,103.0,35.08715837813675,3.0,0.48329538511165837,5.0,76.15741828944394,6.0,31822.561239906438
44.0,41384.152241547665,68.0,38.975840672604676,2.0,,3.0,64.8878049168423,14.0,16951.60584709858
52.0,59891.332042849695,13.0,34.324597657567,2.0,0.07139281833394234,2.0,61.79760222501946,11.0,23404.733231807855
18.0,62811.64013898303,49.0,,1.0,0.19471734003883662,2.0,84.04697239243792,8.0,38849.77126802161
52.0,33704.31744019405,60.0,56.485130468262525,3.0,0.4758512031952686,3.0,101.51140724618986,5.0,17558.844713120416
54.0,86939.60662895205,2.0,17.16483076429948,2.0,0.15986042466992711,2.0,73.70170744025148,2.0,37268.321831714384
64.0,55319.105387088646,60.0,31.1712208684662,3.0,0.4340490799335314,3.0,62.423854095686416,12.0,32141.22381621827
31.0,45730.547261853324,5.0,35.49086737311061,3.0,0.4406253408409449,1.0,89.45288143955233,12.0,21409.94837351362
20.0,52770.15924776885,44.0,30.996279319785184,5.0,0.17509326216598053,4.0,62.84718485871722,2.0,14922.19179096044
,65285.043972180465,27.0,61.8938388699631,6.0,0.04162882902531606,4.0,68.70629619250202,10.0,31327.694092855676
22.0,50215.963296194,32.0,38.35932917134602,3.0,0.3622789545794091,5.0,80.02021840063675,5.0,21652.32000622338
43.0,67638.59820766479,21.0,22.919422594244843,5.0,0.155756149506993,2.0,,3.0,19404.869383757767
31.0,16302.557220645213,8.0,43.946635093410066,2.0,0.3914618071287862,5.0,18.483312051882052,10.0,6940.801313297529
56.0,35040.600203470196,102.0,39.06461808269289,2.0,0.22132742413021655,1.0,51.298395493399624,3.0,29550.985997984753
44.0,7223.993703813692,72.0,39.56289379330133,4.0,0.24263337117131079,4.0,75.46001858758773,8.0,8661.44974943008
26.0,89940.16313685892,,62.11814238198785,3.0,,1.0,74.05101795436357,7.0,31753.35447514457
32.0,89679.84255369869,67.0,40.26177763632214,2.0,0.19118166553081395,1.0,,1.0,28070.625085636115
32.0,62532.321350659695,118.0,30.44507714189006,1.0,0.22156367266145727,2.0,52.063379322609755,12.0,29346.053458642764
43.0,,44.0,5.6708536053484835,5.0,0.18809523438481107,,91.61850485893527,13.0,27613.64453852742
59.0,97797.56544436648,58.0,32.51901472784732,3.0,0.18367025763863998,4.0,63.70135660903922,12.0,47174.00606389204
30.0,37911.71043736576,3.0,54.58954875990783,4.0,0.2629732884507297,5.0,72.0882632512736,5.0,14950.770732777608
68.0,45735.85746189672,86.0,33.63246320665719,1.0,0.40439972225057536,4.0,78.0722551658861,9.0,16707.205041930207
49.0,53190.66811461445,70.0,1.3992515222074502,3.0,0.18088415596128293,2.0,32.36668746212605,4.0,18548.98146199128
56.0,59030.31884037939,2.0,,4.0,0.26212736026886835,4.0,39.90205614746151,1.0,15587.086745064264
66.0,62876.052034086366,87.0,49.890328083691884,2.0,0.3353636627213004,3.0,39.23818965865508,8.0,33582.310296460164
69.0,63679.23274948902,44.0,43.18725761843022,2.0,0.1347197231518275,5.0,81.44434369697639,5.0,29559.365148534558
49.0,47109.51829292191,2.0,22.40178655233897,2.0,0.13876140245119628,3.0,53.89086776521543,2.0,16270.480490030566
21.0,63362.019035134246,102.0,26.520728354013773,4.0,0.4667065635117274,3.0,,12.0,23814.92643644399
47.0,46215.846810086456,81.0,28.839370113463747,5.0,0.3617672866655443,2.0,60.06751949784518,1.0,7735.292725826207
54.0,61586.06873744441,35.0,25.059293422056047,2.0,0.28859333811165444,1.0,30.572523038369972,14.0,32151.43692915609
40.0,59945.8355566155,98.0,4.554891983906266,2.0,0.323860027210306,3.0,46.551649785896316,12.0,31265.365513591052
56.0,65256.94581596242,87.0,46.45386650929784,4.0,0.014649721551709183,4.0,62.34752726438655,12.0,28903.96964815845
62.0,62759.33398041931,30.0,53.855899350336394,0.0,0.30905148278084843,,70.30379728386959,12.0,28426.952273089624
32.0,41151.352501774054,116.0,12.223265840528896,3.0,0.25475443661210095,4.0,40.303245438352526,3.0,11781.409584638981
60.0,59174.203431180256,8.0,53.65779398879472,,0.27287483988971784,4.0,71.36961543612541,9.0,26235.291228134345
46.0,63067.994758297726,22.0,,2.0,0.17971191341540854,1.0,76.71085514091914,1.0,7606.586667123991
53.0,24177.51222102588,44.0,53.376985222518115,2.0,0.040736948856470945,1.0,47.18104800889339,4.0,5346.620522459215
30.0,44519.11285537941,58.0,35.56925654435669,1.0,0.09666961680602609,4.0,99.38314424118295,8.0,18020.479629377067
49.0,62162.27782436667,36.0,37.03316888237945,4.0,0.47537235660633587,2.0,49.34681953298887,8.0,31886.199322069602
24.0,84185.84989459244,69.0,40.58651970473319,5.0,0.20434978113546698,,40.002438515689136,10.0,30186.686758733085
68.0,66498.00372257468,77.0,23.149005122970827,1.0,0.23334157791543209,5.0,29.415549705469182,12.0,32651.741825928435
39.0,85447.55973955191,93.0,52.920112164920326,4.0,0.026354894926719497,2.0,84.41281397384326,11.0,36966.98167652055
45.0,42032.53219646103,31.0,18.17929042887823,0.0,0.018783114771990295,1.0,60.45765754691806,13.0,32099.34218724212
19.0,55003.80984495286,47.0,28.96899883224994,6.0,0.35859072352337884,4.0,50.41428021071221,11.0,32614.02998830661
59.0,66114.70599052237,55.0,42.86397016464753,5.0,0.26904733206055564,5.0,30.517231291363455,8.0,26546.896953182128
62.0,3472.9657300044637,80.0,27.362071392718043,1.0,0.25435299210813334,4.0,,10.0,8464.466013054125
23.0,80216.06436229052,106.0,46.66296861222416,5.0,0.12156226521133434,2.0,107.62890775352223,8.0,27745.653794558704
45.0,12781.802382907073,62.0,55.63799259775934,1.0,0.3723753658149611,4.0,,4.0,6429.224602543218
45.0,69938.80136556807,30.0,50.18819001580755,4.0,0.08411828955424594,2.0,47.366831979349,8.0,26011.47363805242
61.0,63736.635810852924,55.0,5.958270294820675,2.0,0.09496737183051002,1.0,95.85567940084421,9.0,30489.127790047034
,3208.139949702272,16.0,36.88770454429036,1.0,0.23035608567413773,2.0,84.97946094139046,7.0,9863.991072336703
37.0,4218.7748613400545,12.0,50.43023916044588,3.0,0.14313993105597045,2.0,48.58748663437437,14.0,17624.638414127097
,78649.63834905012,17.0,15.248767297669147,3.0,0.12373149061657318,,64.07190193870612,12.0,41291.31006189588
28.0,74294.44119373096,16.0,45.85415880843313,6.0,0.32261882227666583,,,2.0,32402.677965120172
45.0,32382.727110234784,12.0,45.01191172458968,0.0,0.32548587260927225,5.0,62.67677163614535,9.0,19338.13510010822
42.0,32362.422099118714,8.0,16.818651620926023,3.0,0.4122585348999646,3.0,95.68900419218352,,19606.04548671388
56.0,60252.099447524415,,47.513489986102414,5.0,0.20885428348648793,2.0,66.79508410915906,8.0,23317.328915086247
50.0,49745.11699023264,3.0,39.090466902949025,1.0,0.03654254551307512,3.0,82.71032581926076,13.0,33648.57001498487
,71087.90431698228,16.0,44.75572683081903,3.0,0.13683319246072884,5.0,63.63197538191231,5.0,31033.917080973904
44.0,59591.618488661734,,20.50531421352301,4.0,0.49000273159840846,4.0,19.352223745470695,12.0,34119.565396313476
69.0,81660.6158791307,109.0,37.25204174557077,2.0,0.29812928761635105,5.0,36.15174493287033,3.0,27568.53396969683
30.0,69401.55555827453,23.0,9.426821688015146,3.0,0.35486854240051013,4.0,40.302443013879504,7.0,23878.675847527913
58.0,,92.0,0.8451318870042357,7.0,0.003678914812707268,4.0,55.01428285447988,14.0,20627.357810672616
20.0,42957.50559392652,115.0,37.112426397916245,1.0,0.25910286609126043,1.0,101.56828478028783,14.0,26487.06564057246
56.0,41493.575316763105,104.0,51.50896410141965,3.0,0.01876432876590156,2.0,67.24822925750902,2.0,21513.135306274846
23.0,48964.82030589398,118.0,38.7940522139762,3.0,0.284615106045724,5.0,,13.0,25540.221584947827
25.0,86818.86139874416,5.0,34.048309040837815,1.0,0.4603854248180377,4.0,84.77115992311296,3.0,32771.29134692352
44.0,,84.0,32.1869881991769,1.0,0.4842095652502039,5.0,30.962326489965033,12.0,31019.757002594655
26.0,55210.579741480324,104.0,20.861519128354015,2.0,0.2702763376944621,5.0,50.20609659703523,9.0,23744.742817808234
54.0,5103.941845853813,108.0,31.672086443070405,2.0,0.22910240262610798,4.0,47.253426921199186,4.0,11712.906741353741
50.0,63516.17460088161,65.0,41.32526702396667,,0.472508547124247,3.0,67.96083118936276,4.0,8111.548657861962
68.0,95143.9656218628,30.0,28.471666507990573,1.0,0.33680491599834755,2.0,77.91672584707933,3.0,25229.438292867962
59.0,31327.237814741504,21.0,46.25880280753665,3.0,,2.0,69.42971104054459,5.0,9220.009862630151
61.0,113488.84274253517,84.0,37.93962550796904,3.0,0.23286278883374878,,69.74632966437824,3.0,32348.077708423603
41.0,53644.81209313307,70.0,39.7546912666011,4.0,0.12012250923215195,1.0,52.777817615641084,9.0,25974.758383869397
32.0,-1458.6248276868864,22.0,48.329941303264405,2.0,0.23490216072434078,1.0,66.4151971623228,3.0,3612.6015669634435
49.0,42289.23520064178,82.0,27.098668510175145,3.0,0.22773278600318086,2.0,43.2032425843922,2.0,16056.723421067572
49.0,76608.77126538166,72.0,44.890708792804276,4.0,0.291072401407371,3.0,73.48277870015599,12.0,37163.038850276935
41.0,89986.34412499607,103.0,29.202849241220388,2.0,0.17838524517462562,2.0,49.98793990673359,5.0,26845.380391770574
58.0,64361.97096503367,32.0,40.0927172572826,3.0,0.08213522472796403,2.0,37.56980879399252,6.0,18617.710955473507
69.0,81351.88841757935,33.0,,2.0,0.25185971729497814,2.0,60.7563887166417,1.0,26987.164935313118
66.0,26444.289170152933,117.0,21.339442654029018,4.0,0.41510144217288103,2.0,21.73767671310624,14.0,17982.126382813687
66.0,36394.76825612184,16.0,36.37797118472741,1.0,0.33200611403380115,3.0,89.48740143992015,12.0,14866.055249996698
69.0,16410.81435996419,76.0,6.721999219683241,3.0,0.16918393296260792,1.0,75.94197993823397,11.0,20179.965730696666
29.0,37898.738480161934,38.0,30.555988347366775,5.0,0.4677615113794286,5.0,66.73939700495605,6.0,23345.13107656007
56.0,65238.37972871333,116.0,10.904344915862293,2.0,0.4561037856245911,1.0,27.52630509210499,10.0,36957.31836710729
19.0,54253.11524766038,98.0,46.68851051470412,4.0,0.10467419969204939,,45.9961963385317,3.0,19410.973181671714
,67356.98073326364,14.0,50.751658941633714,2.0,0.019708792560181487,5.0,60.81116869743704,4.0,26936.754699843605
66.0,31269.719650065268,36.0,22.040731678687912,1.0,0.3706543541753811,2.0,,6.0,22030.257011829133
54.0,32489.499463762666,97.0,41.424694437102445,3.0,0.41380513067457664,3.0,26.22870069105055,8.0,13939.77088901163
66.0,54092.204190498254,23.0,48.48703570531238,4.0,0.48393228297567764,3.0,33.671419889277175,9.0,29981.049677419935
34.0,37947.04389389369,114.0,48.53703833752675,7.0,0.44491819704415536,1.0,54.33811206172843,6.0,17361.09433888415
66.0,76036.9833632019,109.0,38.216762509574615,4.0,,5.0,34.33421202832335,7.0,33579.65327067352
19.0,37451.62231245046,66.0,46.01457013342245,6.0,,,87.42774647766524,14.0,24965.951798114816
19.0,40092.21514137506,105.0,25.260030321194087,4.0,0.013920525631293146,2.0,69.89076718811666,5.0,22708.948091152524
,58376.788277369735,85.0,36.2468369848502,1.0,0.12332822342238892,1.0,43.93071781521938,14.0,32430.655295918605
40.0,42214.236165450144,2.0,27.99344889813836,1.0,0.22980737586646321,3.0,83.38309656031427,12.0,17044.375552297955
54.0,25301.11212925173,91.0,23.993180393219543,7.0,0.3142519500417839,5.0,,9.0,22449.966800349128
49.0,28012.883503358225,73.0,35.54095087204441,4.0,0.27862591665920533,5.0,65.77916712773839,4.0,6866.211346146908
50.0,,65.0,40.212955642371114,3.0,0.37131799484084527,1.0,59.208275330720916,10.0,30665.29105121957
18.0,22825.769708758795,75.0,52.452631519324804,3.0,0.13988346544352043,4.0,54.03052383540321,11.0,16796.51650542603
36.0,77943.28855097623,67.0,38.97733290948331,3.0,0.2824763038262366,3.0,49.20122584436687,6.0,34663.0414912814
19.0,36192.014313965,,44.62895802442327,3.0,,1.0,33.26416161584292,5.0,20931.447368523324
61.0,,62.0,44.799247598743065,1.0,0.20683276179160348,4.0,90.56657510195998,1.0,17950.714871576856
43.0,37391.74751940732,23.0,75.3130154854544,,0.3750804164773005,5.0,49.58973562457567,5.0,18360.20084395785
49.0,31695.172400072697,26.0,7.849513950911312,3.0,0.346700426714522,2.0,60.56401219424666,13.0,24021.69480598464
23.0,54922.07364580364,,24.680991997442334,0.0,0.4953213685860895,3.0,41.795042873987626,5.0,11407.498312335701
,71035.66934031801,82.0,57.1108407873212,3.0,0.138945562993878,3.0,54.8109896678134,14.0,35302.35189658641
21.0,45052.64498279791,55.0,29.71980387719789,3.0,0.24909464958698957,4.0,117.01554847739484,9.0,16335.472614479899
28.0,48690.4529248508,6.0,48.28704706402579,0.0,,1.0,45.480041925095456,1.0,16463.071596183552
34.0,66148.34722165602,35.0,38.45014285644255,2.0,0.22030155702958737,5.0,88.97191549083104,5.0,18729.79143458073
55.0,66810.54500503113,22.0,66.57803601812016,1.0,0.42847506493469406,4.0,59.44388965692202,7.0,20918.403795378963
41.0,49230.16559960518,43.0,18.30418359404432,2.0,0.3421045375942433,2.0,73.59876926989291,11.0,33393.72218865106
22.0,41130.40215029422,15.0,53.32700828778219,4.0,0.44122059567379085,2.0,84.89160510792503,6.0,22886.357585709215
69.0,51653.11918890064,86.0,61.24371957908748,4.0,0.10175555416594323,2.0,65.44534768811995,6.0,20675.222831949417
51.0,46181.77017223314,60.0,19.783716842480004,1.0,,4.0,52.9658568723942,12.0,26578.374302915057
23.0,56259.483036337035,101.0,46.743053653720196,3.0,0.02988113708919221,5.0,56.27818043435121,7.0,22038.264782186066
39.0,26114.591463084947,116.0,20.517530212564164,3.0,0.4442996402185762,3.0,56.95143036707324,6.0,16083.759318823097
28.0,55543.63158717493,106.0,35.452423588026875,2.0,0.16453688973036396,1.0,97.28741113830826,5.0,17882.817643408456
65.0,35633.93167658502,12.0,31.151181047267396,2.0,0.15729381670703324,3.0,30.317484456792187,10.0,25258.880817315294
33.0,68117.75222981005,111.0,-1.0413090234953088,3.0,0.25604428834933196,5.0,24.585460844144144,5.0,23569.891463872464
50.0,36550.64301258969,49.0,41.36351389567848,2.0,0.4703450938616159,3.0,25.91894165604465,9.0,17465.957924620765
26.0,36897.80465618136,42.0,37.150087514093464,3.0,0.023890682340702685,,42.12137132855154,14.0,24577.906489278623
23.0,58907.97648823481,38.0,57.18618460108641,2.0,,2.0,74.00166154396724,8.0,22316.65879684239
33.0,50284.23777632394,,44.16715481974314,1.0,0.42828599434166786,5.0,75.22838584808395,14.0,30528.683080379597
46.0,95533.03252797676,45.0,69.36325886118144,0.0,0.19802723871773337,5.0,47.84994717186585,12.0,37973.09681182603
20.0,17413.947788914953,35.0,36.605635731180705,3.0,0.0995784487985335,3.0,59.430169446803205,10.0,16966.802350768667
37.0,52197.05893909489,30.0,33.41704921996539,4.0,0.2123970906657059,4.0,37.6740272982433,14.0,34939.15037628585
53.0,72592.98969944741,88.0,32.234650239243564,4.0,0.19277625074583465,3.0,39.52895425187264,4.0,21381.288475793357
36.0,38433.72154145398,106.0,28.406169334523394,,0.4577081007333517,3.0,71.5973367802309,4.0,14477.239175960338
43.0,,30.0,1.8837362542614642,3.0,0.38096718787154854,5.0,80.95368122216794,10.0,26706.65356517711
20.0,32582.70704707343,78.0,31.697080594880635,6.0,,3.0,50.463623511397145,5.0,11395.525339214995
36.0,17760.77640699831,6.0,3.9821791034601155,4.0,0.49418528336078554,2.0,92.70030241661607,13.0,19849.83572623282
37.0,76994.0925462139,67.0,41.78050016878653,4.0,0.23263876563796165,,79.3121069757222,13.0,38075.22206712287
49.0,43407.65316387184,80.0,16.399095612941235,5.0,0.029118915410137614,2.0,91.83451704511101,3.0,20438.60483063307
24.0,,7.0,21.585010653673706,1.0,0.13113716090749244,5.0,53.981238618101635,8.0,19770.04976957544
69.0,7518.038513396525,52.0,24.958847077511724,4.0,0.2180352401096563,4.0,90.41372491265291,7.0,3741.5353528665846
58.0,21325.828550762304,14.0,31.92597443280132,2.0,0.07845131207306005,2.0,103.59085279951552,5.0,9459.861617409973
50.0,79307.79511038188,73.0,35.103023824085554,4.0,0.4737825631620215,4.0,51.74964933287961,10.0,28153.576835379063
57.0,56062.11332201157,,51.26719374609606,5.0,,4.0,56.916619232638276,3.0,21641.125016840957
56.0,73330.01659850212,,26.33704859738669,2.0,0.13414360021388633,,,5.0,20790.248478668578
35.0,70799.8487965966,35.0,42.20219204333554,4.0,0.2954022667589579,5.0,37.115698076783445,3.0,35105.03673024242
57.0,29987.59438854119,66.0,75.9630084983535,1.0,0.360724578554786,1.0,,10.0,25275.91762443111
18.0,98596.95457307938,91.0,40.660260541448444,2.0,0.470639464453399,4.0,43.770677364254155,5.0,34241.96521992538
28.0,88994.6519120246,2.0,32.292653166025495,,0.4408176745877053,4.0,65.49475957971143,1.0,31635.368038597255
45.0,38724.6711575393,35.0,23.31272522107554,1.0,0.25759611306910685,,44.61600921157297,6.0,9233.39202570783
42.0,-21364.105987197647,82.0,32.08502681869507,1.0,0.3873263098965088,5.0,64.88325109173736,10.0,16007.634860838494
67.0,42869.35820111847,78.0,21.706694845858912,0.0,0.2810723769137925,3.0,65.29690302389905,4.0,13909.734399333094
40.0,54765.92524242897,20.0,39.02992140025659,3.0,0.27635194502277005,5.0,50.59751212251243,4.0,19227.290503231892
48.0,38645.61930448619,82.0,36.5531620795909,3.0,0.05737097916909595,4.0,58.747257908613896,8.0,9714.019355403672
47.0,45569.55806630566,10.0,2.5667116862330985,4.0,0.06306882900807603,2.0,49.44175214627374,2.0,17302.303943596173
59.0,33426.83927324411,25.0,34.721629913508984,2.0,0.2647668075112287,1.0,53.78520453447096,4.0,8096.33099658769
52.0,68432.69436707695,66.0,51.142194689600196,3.0,0.1344307724895033,,43.822740510715704,2.0,22438.08711795323
24.0,51272.664807371104,25.0,29.013322216958752,6.0,0.010518451230234316,2.0,61.68209379565633,1.0,12460.427277588638
33.0,69030.28125885908,54.0,25.206548413826567,2.0,0.36141960195010614,1.0,47.989082690803336,10.0,24920.364703006002
43.0,,33.0,14.334488403247214,2.0,0.01624329834508248,1.0,36.67868248124409,13.0,23578.192491186914
65.0,6513.528718267058,36.0,7.130119375633932,2.0,0.29763842055202727,1.0,71.86857777697074,13.0,15682.998785907723
69.0,,95.0,47.47023900594881,4.0,0.2695968970636572,2.0,72.54582402570927,3.0,10792.545135655877
66.0,37519.41412718913,14.0,32.27782505631206,1.0,0.4844073452889022,3.0,82.23397071288214,12.0,19311.765883038854
19.0,101427.44719377566,,46.580323430051344,4.0,0.24210656967382083,3.0,39.51205250791643,8.0,40944.601064455084
18.0,52980.107338006484,110.0,57.96985616869203,3.0,0.03180071818889868,1.0,50.381453865780266,6.0,34306.43157577351
65.0,66251.21192726129,80.0,48.81871527365518,3.0,0.27584398390323084,,64.60990810179446,12.0,33663.30767594341
29.0,12386.164614509777,54.0,26.864415178418064,5.0,0.4205480853080507,1.0,49.95920246375479,,3129.541173466495
22.0,52864.30904995043,110.0,37.17301496986333,3.0,0.49842464214071996,5.0,71.41823967615643,2.0,15423.721864623576
54.0,69565.85964232514,52.0,25.778407022646228,1.0,0.21517158684453624,3.0,69.95865774967872,6.0,26827.702923460434
49.0,67239.30170120312,3.0,24.375673060975053,1.0,0.16014937124837125,4.0,69.58590712382133,14.0,32224.6657571824
,62467.98877832703,99.0,40.142227436039356,3.0,0.45332664847599946,1.0,89.19334466608528,8.0,30655.687467182775
58.0,50260.01012990251,41.0,22.51559175322741,5.0,0.09562106453806068,5.0,72.881541489169,8.0,23165.370454041877
52.0,51231.37241250902,6.0,1.8627257136694837,4.0,0.3077144575164633,3.0,63.077822229628524,,24108.673648302058
36.0,16134.676505804207,25.0,21.67778156408935,2.0,0.20285721209047386,2.0,56.12929026806926,,7868.184000253115
65.0,31989.342296257128,13.0,30.39678276968941,7.0,0.020541182477777642,3.0,57.52271783646368,14.0,28824.303787483423
33.0,54618.87912776327,117.0,57.82097746747883,0.0,0.17364423715284888,2.0,38.71579692319853,5.0,20553.235816921253
20.0,35680.48386147589,98.0,27.63593825192952,4.0,0.1326142612513373,2.0,24.685796260999574,9.0,14048.195812752809
37.0,63776.764940655696,,42.678861365439126,,0.3430455769717434,1.0,69.27512255462128,8.0,37619.63138740781
41.0,59335.651005297244,21.0,32.47537649056896,3.0,0.47439524884595907,1.0,84.47265875126132,,13075.80656678359
50.0,77347.40509443988,98.0,53.39607715805576,1.0,0.13402359368931888,3.0,53.397701533945266,12.0,31310.52790180733
41.0,69165.07652305142,68.0,52.35644578195938,3.0,0.4057329695758409,5.0,91.74188318065194,13.0,30014.383697763453
69.0,54545.22818269136,25.0,52.642626578598794,1.0,0.02767990846920476,3.0,,7.0,35705.099820090225
28.0,64959.608681238315,79.0,8.990247058739708,3.0,0.2690605050199066,4.0,20.924560377739823,,32922.17702510405
66.0,70102.04324599312,68.0,38.100860708674915,6.0,0.03527503185494729,2.0,78.36498507459206,11.0,38300.253692008926
25.0,39851.25428184035,45.0,46.384079001829214,3.0,0.46701649556531966,2.0,50.414235255237095,14.0,23702.082972670447
53.0,43413.38003360396,60.0,40.72307843883996,2.0,0.3831756402786951,1.0,80.17557355040027,14.0,38754.90402929006
55.0,48063.47925213179,12.0,44.54894488732744,1.0,0.32897495560229617,5.0,34.4494503213672,12.0,28060.80379484439
57.0,40489.38911671301,32.0,35.87526506428216,4.0,0.41194819081233214,1.0,68.240883242953,1.0,17233.133586529515
37.0,70313.73890126968,96.0,23.828236899102095,4.0,0.3237598977850816,4.0,,1.0,22192.59857591194
52.0,37453.78916645392,92.0,9.54353922520622,3.0,0.4844721985871456,3.0,64.02809733124711,12.0,22388.803893319917
65.0,75033.02942799649,13.0,25.316458570272868,,0.35697897393238576,3.0,75.33213389150713,4.0,24851.015458767048
,42660.53602239235,31.0,75.1716481045759,4.0,0.4623293047911234,5.0,70.6880200258777,5.0,15949.960839621894
52.0,59447.93285678716,78.0,27.715232358639916,2.0,0.258565946005319,1.0,61.38735666060185,4.0,24476.83810042654
42.0,53328.302975257764,20.0,,4.0,0.05853220649093133,1.0,32.430817875755544,7.0,24034.489886454267
46.0,30480.403834166664,18.0,45.98974041093624,1.0,0.26408886071150856,4.0,74.60688361103531,3.0,11786.76429923158
35.0,49602.20541018419,93.0,47.831900130239674,5.0,0.06343641403154665,3.0,80.628608759912,7.0,28428.28158654953
63.0,56672.870629011944,60.0,54.3098658522821,3.0,0.2962467395882025,1.0,39.14005951686915,13.0,14568.09584499993
35.0,48714.14625779004,63.0,42.064677555601705,1.0,0.24124653026383147,5.0,42.07941571388,8.0,24963.680116942982
19.0,23145.868829874318,,47.68402271700427,2.0,0.31128769891639085,3.0,81.47114716065823,6.0,16132.454182257192
52.0,84028.58487052342,32.0,62.60325702262986,1.0,0.005023490527415797,4.0,55.83116874861467,6.0,36743.389802432874
33.0,51753.98965723472,,23.81789761906827,5.0,0.09742024582768205,5.0,42.59773325188837,,19201.83969190361
58.0,34113.948496729565,43.0,20.842239418644237,1.0,0.24566521595606544,2.0,65.45108827038545,8.0,19073.78488593866
53.0,82415.36046934548,2.0,18.581201906706067,3.0,0.4752517807945674,4.0,47.22951224091163,7.0,36054.35005737725
50.0,62347.7961944065,60.0,31.013456202590255,2.0,0.1918045201775792,5.0,63.22084262811963,,30760.17087972285
21.0,25996.600071967816,23.0,56.50133629737752,3.0,0.21218601302681733,1.0,51.73586658307304,6.0,11696.300095696504
50.0,29110.10507200243,83.0,42.921025516193524,2.0,0.3573480445033111,2.0,53.44978359838911,10.0,19667.91043723853
31.0,45552.10560224315,31.0,42.33037929063827,5.0,0.301896378643059,4.0,,11.0,32058.50150241673
38.0,55946.13957699645,115.0,7.710381070029147,4.0,0.14946307504916662,1.0,10.62950639749986,13.0,18363.70649370468
65.0,62455.99662927844,5.0,24.60219759145371,5.0,0.2054081977837139,2.0,71.09501508870488,13.0,27286.735989710607
37.0,69003.56959057135,83.0,7.465135507069448,2.0,0.10884989942861623,3.0,78.90901556532987,6.0,33630.25077018622
25.0,60791.448128002856,,52.56868683982316,3.0,0.48301072956510427,1.0,47.560117176446894,,28100.123606442372
24.0,76934.91957281991,10.0,58.784697393285995,2.0,0.06531719077867987,5.0,,1.0,26292.701926479447
20.0,52535.863193609395,89.0,46.69350090860572,,0.18591839228320972,4.0,40.819520663183525,5.0,18117.774592537215
34.0,34807.212390435554,2.0,20.198209313906826,3.0,0.012919486110005596,2.0,46.800329086727444,3.0,8433.071222203569
50.0,49932.98260682053,11.0,57.23033740423686,,0.1108897459667732,1.0,44.4966591281793,12.0,23623.81668583429
65.0,48620.38679308416,50.0,31.201176349621846,7.0,0.39023556919007746,3.0,79.02584327205169,8.0,28926.15714201871
29.0,-1564.3085932498361,31.0,16.783110788710076,6.0,0.10058761614443973,4.0,25.101046266643337,11.0,6188.493976248317
68.0,38772.66281808683,56.0,20.533936180824615,3.0,0.0400317012644828,4.0,92.80294452051149,6.0,17538.91366662434
39.0,56284.07465900901,79.0,28.547650466122448,4.0,0.23722658992226164,1.0,53.901228677722216,14.0,26316.684173393973
39.0,,73.0,35.7436778072706,1.0,0.0049846173672592475,3.0,72.29824308314711,,24013.870150495135
63.0,37075.812763540016,87.0,32.5798368252231,1.0,0.04238307721316659,,70.57415842727463,13.0,21229.112427329797
47.0,68227.52391609128,83.0,13.809973727434592,2.0,0.40381293478148755,1.0,63.02463576413038,7.0,26580.28772405531
55.0,31669.08350449121,9.0,53.19974613778463,3.0,0.3857366724298032,,47.986278770448806,7.0,7483.8143861332355
55.0,64232.45300941646,99.0,32.74091120844735,3.0,0.457569410202448,4.0,84.84745125855709,13.0,23602.89472180024
62.0,23345.110584234306,21.0,24.293692155940235,1.0,,2.0,49.702974685577914,5.0,11841.899141877822
68.0,105215.23871452367,73.0,51.65453542974146,4.0,0.34158778161990905,3.0,45.375026845581914,8.0,32138.785838368294
25.0,45686.289461974855,28.0,17.24890717600203,1.0,,5.0,77.55420567047065,14.0,38031.32003526497
44.0,43534.694214078874,62.0,,3.0,0.39142430899332875,3.0,62.914992390737396,5.0,7152.792703662413
44.0,72861.31805779837,110.0,54.08731169898108,3.0,0.42275540542028023,2.0,87.15643150232401,1.0,18257.51892401899
51.0,41625.90318387102,115.0,63.37081774325509,1.0,0.39954107288597723,1.0,58.74665817089,9.0,21371.27529149906
38.0,79098.55616651333,7.0,28.068559720229025,2.0,0.25423951765401304,4.0,46.98249254608507,4.0,25503.902160975074
47.0,57431.87660973053,80.0,34.310449881242825,4.0,0.11645091932474083,5.0,65.49486946047797,13.0,23908.83569959956
50.0,47632.04198907541,16.0,17.800029282186447,2.0,0.42266498784436335,1.0,51.04765687825193,2.0,11099.973399246282
45.0,45499.88193259249,,35.0823882536509,0.0,,1.0,47.561549773885886,4.0,12696.694192281557
64.0,74151.84340860523,4.0,27.864421044032046,,0.4903805871944258,3.0,76.63776387311748,14.0,34411.94454848125
50.0,54609.74429207006,4.0,33.46807339947501,0.0,0.07784629887796646,2.0,96.63110134550055,13.0,39142.56873520814
22.0,58646.1746238154,103.0,41.13887581395864,2.0,0.11283229152602753,3.0,55.07076416163019,9.0,26583.53886993567
65.0,60820.037452072575,40.0,18.5278178295373,5.0,0.10589907494075135,2.0,40.50517627428138,2.0,25160.51368255939
36.0,52658.72370445382,17.0,29.572829911511487,1.0,0.39626988381066836,,56.93087300200362,4.0,22132.498840476852
21.0,,101.0,7.9432786733273275,5.0,0.09345364822505908,1.0,70.29602459791847,2.0,21569.311989911104
52.0,47633.53154638019,103.0,29.675190738300678,4.0,0.03332991491165305,4.0,65.1495905695494,5.0,4490.237950946124
66.0,49003.82736346848,52.0,33.598488936245005,4.0,0.4992804032928143,2.0,83.88463388943424,3.0,15378.858103299397
34.0,27617.70143946583,93.0,38.434736375916174,3.0,0.012408605722574573,5.0,73.301796765514,10.0,24220.98754759332
61.0,55955.205018367946,52.0,38.59364810544813,6.0,0.4176220300794328,5.0,37.93181063780182,2.0,14727.882391763716
45.0,15609.179865755592,36.0,48.55884126105284,2.0,0.1826834207753264,1.0,50.1336329871845,14.0,27095.119784074737
47.0,55671.16141221826,38.0,11.9050022109002,4.0,0.42080772987890763,3.0,32.383317600493484,9.0,32320.799192504284
46.0,44387.67967670371,103.0,12.705844550745592,2.0,0.2773102456055725,3.0,82.89358691260375,5.0,15570.650322373798
63.0,57491.70218901956,50.0,42.934369045887806,5.0,0.45081561474318005,1.0,20.162254694571985,10.0,23731.693061474085
23.0,29023.433318366482,63.0,4.415580844918761,3.0,0.46309649320731333,5.0,34.33335338755376,5.0,8039.0007837376
,7612.85263922716,101.0,37.749503181574894,3.0,0.004549090640387998,5.0,49.76395067989654,1.0,-464.1153675508408
58.0,42982.69386052921,116.0,17.295605906151593,3.0,0.03770608799639413,3.0,71.27834806209634,,11131.862837314186
54.0,29081.746622858034,63.0,58.59221961375772,1.0,0.12517936478542774,2.0,49.566931725886974,13.0,23668.57988902244
41.0,14388.86633579035,62.0,38.75678611591666,3.0,0.33465770818175083,4.0,52.69541172571016,7.0,3436.427434004937
46.0,65359.6653938914,99.0,31.712659704304073,6.0,0.444136098255753,2.0,53.089442534545995,1.0,22426.564699118528
66.0,82024.76454284081,7.0,53.415813157087676,3.0,0.22997097564698138,5.0,63.45565244716492,,32147.822847353487
63.0,34060.971284508996,27.0,19.048969901435736,1.0,0.3034865581371327,2.0,35.58976929459996,8.0,9712.269359433087
48.0,48484.58345557093,92.0,21.898855488682877,,0.09424992639778057,4.0,41.056459039039055,12.0,33894.46806831298
52.0,43844.287666403754,86.0,16.078177495173364,3.0,0.40248341694084266,2.0,93.61847397591782,14.0,29121.332771997237
50.0,36822.03156047594,14.0,22.024411604765106,2.0,0.48366405567673487,2.0,68.04798194394023,,19395.099575367123
69.0,63274.744277760416,,35.91673414051082,3.0,0.13429946645729873,2.0,75.21564343705691,8.0,22589.097275614262
38.0,,101.0,42.4092780799058,0.0,0.24741297580027316,2.0,61.160570629104335,7.0,25111.895592365592
49.0,32627.856214687916,86.0,,8.0,0.0430580552531869,,57.1943950351452,5.0,18820.3241130167
40.0,50895.33734189807,5.0,7.6291392964889155,1.0,0.2795683282314842,5.0,69.14261892190561,3.0,17575.559207546034
50.0,75690.66067867789,55.0,32.422055203050625,1.0,0.2513917209233403,4.0,74.55227367352266,12.0,44516.810499845174
20.0,63780.724064299444,2.0,18.377532032137974,3.0,0.0722182420775388,5.0,76.92151349383438,14.0,32754.540393854517
35.0,66753.94876800977,62.0,31.920693627678485,,0.22103310655903752,1.0,57.46880880361319,9.0,34330.1136326653
42.0,77359.70614884829,91.0,70.0124537019056,2.0,0.16705232604328163,1.0,79.10753112556642,,29272.95588094776
,77096.903447465,21.0,39.37792643000022,3.0,0.2609154376525947,1.0,10.675664223407573,7.0,32456.67869852384
48.0,70572.85260606132,118.0,48.491974567223686,4.0,0.2928271677143996,1.0,77.84574019450243,11.0,23015.194443644534
20.0,52898.74829562361,102.0,64.4103690824157,3.0,0.004247789303604754,2.0,51.46188086512396,10.0,27124.8931797639
57.0,42350.33965083816,79.0,51.91037364762137,7.0,0.3805029914747777,5.0,71.06764892603394,10.0,17630.22638896512
63.0,52069.555306263705,21.0,28.28128280469523,3.0,0.3565071459308704,3.0,47.01344548608273,8.0,18788.87506299067
41.0,39311.86627953263,10.0,15.862518701450927,3.0,0.1831431931032611,4.0,33.46610939844445,14.0,33914.07580618968
67.0,,87.0,34.54783595718723,3.0,0.02646796778440913,1.0,66.79408062633335,6.0,19331.148759688254
49.0,44410.018683999195,58.0,,5.0,0.3774662698925252,5.0,29.969389533576013,12.0,19306.496450322276
64.0,57150.524876744406,39.0,12.132180700712386,5.0,0.4775875802390662,1.0,52.006451435545856,14.0,28349.49932247895
39.0,38254.61164467642,5.0,38.61387495934203,4.0,0.1200757980110071,1.0,43.75140617791695,11.0,15174.132348793357
40.0,46144.40425522784,65.0,38.98829447089,4.0,0.16176230686851895,1.0,56.49934923413047,14.0,34212.7436175497
19.0,46919.265680665354,13.0,61.53675050394929,2.0,0.09190644474090748,1.0,75.94418239194545,5.0,15197.37598336703
44.0,77137.13548437777,85.0,,6.0,0.28846806167241984,1.0,,8.0,32587.640315031673
59.0,42811.254519501956,90.0,39.201820834541735,3.0,0.07742069732372747,4.0,66.29155094825224,3.0,22023.90992690221
19.0,77132.66764366909,114.0,25.01771877964677,2.0,0.17809697173068972,5.0,74.78692076454176,12.0,32239.036887027076
43.0,-4249.809836959474,109.0,,6.0,0.3485065069671315,1.0,47.854898984124254,13.0,13185.169210276088
34.0,76957.11562658072,85.0,,4.0,0.2800579915046742,1.0,48.144929425617946,13.0,30136.70441345207
57.0,75948.12229725248,53.0,17.41112586720886,3.0,0.19323128216396762,1.0,87.38657804400421,7.0,41413.28453474416
50.0,68045.09346778384,82.0,34.79792267502263,3.0,0.21012480090377095,1.0,58.412227204441855,2.0,26495.42871341826
26.0,9761.63993592457,101.0,,6.0,0.28105544131161475,2.0,70.1827758626375,3.0,3765.459786973341
60.0,70377.73990444961,45.0,38.829100811203446,4.0,0.0029323639435806514,2.0,70.03122184718448,13.0,29449.15331689006
65.0,48997.61648649499,,50.68845073243804,2.0,0.03925493422680493,3.0,36.04024787844044,12.0,25729.302181750365
56.0,-586.7487984932013,,13.279154419389656,1.0,0.4406290338815058,1.0,44.7824824765601,2.0,-75.94325130555626
46.0,75963.55415669392,81.0,22.358861149775876,3.0,0.03893949454564538,3.0,67.5069472708004,5.0,36953.78901700571
59.0,78883.46157097936,99.0,44.59680997693306,4.0,0.3534017981052526,,18.65370226552713,7.0,23737.364860219295
43.0,11909.758562696574,,24.120965330583928,5.0,0.4600190820545263,3.0,55.774047659231506,11.0,14246.93468525999
52.0,,60.0,38.60706873995311,6.0,,5.0,42.69432255214435,10.0,23708.30966683145
67.0,77771.82242888365,11.0,-1.296178711176438,2.0,,2.0,82.21012283953307,11.0,33344.49522694075
42.0,74603.22626914294,63.0,75.73919858469324,4.0,0.28446070292235814,2.0,66.92230906309898,11.0,32037.884606051168
41.0,66721.22102319048,21.0,30.954222026639957,4.0,0.44085448481929235,1.0,83.82492594781354,11.0,29636.012256354723
30.0,-2945.0575979501737,52.0,52.90934389982417,0.0,0.4709527936302101,,59.217507328932946,10.0,13481.813052275447
24.0,64590.85533271628,55.0,29.946532616247634,4.0,0.36978162405563403,4.0,57.72221614465955,13.0,34622.17883227706
53.0,45637.92203252114,117.0,41.2204779309633,,0.043309880427347014,4.0,53.9014096184087,14.0,29385.934666620276
62.0,,26.0,57.37879469517908,2.0,0.3345770777674254,5.0,49.938612008898154,1.0,430.05318927365624
37.0,55123.229168676495,68.0,52.487090288125785,5.0,0.20515186093633103,1.0,113.6931267811197,13.0,30035.943121418768
18.0,49602.3677942227,34.0,31.93317530472163,4.0,0.2353504997455308,1.0,76.14339031586445,10.0,15802.513537416398
25.0,62818.07698818472,52.0,32.97118511909461,5.0,0.02457419517258852,4.0,38.67622908126435,9.0,30077.023912134544
63.0,46561.73257856484,112.0,50.05349840274928,2.0,0.09553106967317909,4.0,112.78617738324357,1.0,21941.006611422024
,49514.45440216116,82.0,69.99866606427952,2.0,0.39525680376682387,4.0,51.90040129995454,1.0,10823.140757705592
31.0,38895.520017424766,104.0,37.88424011598562,0.0,0.2269794165239299,2.0,66.42304000353712,14.0,24359.752393513896
29.0,17891.820176308753,99.0,64.35595460812462,4.0,0.15083112081557443,3.0,78.79194743743732,,6570.767527627642
68.0,61357.06947542543,105.0,31.378783843696908,1.0,0.19200953698247908,3.0,29.240921458549984,10.0,34384.27972141163
40.0,33879.3936065886,93.0,49.279405452647026,2.0,0.4271997566628401,1.0,43.453463967018024,8.0,18238.957508336945
32.0,45984.16267918532,52.0,51.517336433709296,3.0,0.37449950870247845,2.0,92.9632964914138,6.0,27836.89570658726
45.0,55739.479169078666,29.0,28.8505924422084,2.0,0.1361576985905414,4.0,55.50342673327209,6.0,24390.614765460537
51.0,8295.64712869122,38.0,23.793828810475375,2.0,0.058750920106186655,1.0,79.97340233521744,12.0,15300.945041786465
19.0,12773.02192646353,42.0,52.180837828210294,1.0,0.12599911082203585,2.0,50.93063118707309,9.0,12972.94049095324
49.0,44005.22846781594,21.0,27.026645941354147,3.0,0.46037822552736685,5.0,58.09880789026317,4.0,20691.529036631466
40.0,,42.0,21.584751309868956,4.0,0.2907944189248777,2.0,95.70513732153,8.0,13511.569008773284
,64880.76541298322,13.0,,6.0,0.26674010437239143,1.0,68.75024484596045,,23690.949401497517
68.0,18173.71008248186,113.0,26.965799923618825,3.0,0.29819679984623076,3.0,,14.0,18501.880806104735
42.0,62732.629688256304,105.0,47.84925656938516,2.0,0.18301413287325763,4.0,46.33273078394304,2.0,24046.88304226572
39.0,45098.60763367327,64.0,42.725640099142815,3.0,0.4035535101597564,5.0,48.16249215173593,11.0,22991.0742607318
39.0,32336.855098070457,17.0,45.73487367136836,1.0,0.2616431246501249,2.0,,8.0,12307.384358607787
66.0,37028.962878812585,,41.32069716647124,2.0,0.05837395138439777,1.0,75.3099661727784,12.0,22745.442238242267
69.0,66037.14664080333,41.0,26.09239756630042,1.0,0.06453256241453148,,37.02646735852817,,19196.941347899283
59.0,55480.11570171143,1.0,45.45654283862409,3.0,0.2684295732513092,4.0,61.743571137414065,4.0,10417.723647576
23.0,51006.13045510641,2.0,52.73680739907956,4.0,0.4682851090354196,,58.66367056387989,9.0,27137.45154395939
32.0,,60.0,43.76754824178964,2.0,0.15417606083809937,1.0,66.32185539136587,9.0,26495.307863473354
60.0,68561.95553232387,48.0,41.744838599387755,2.0,0.43477058442960914,4.0,47.9285776171726,8.0,30504.041379665032
54.0,48058.00865193354,29.0,23.49418240143985,3.0,0.38204779328943966,5.0,81.95611223298847,14.0,34332.04470530912
50.0,51086.37772908473,97.0,38.17725618461717,2.0,0.12390622145345342,3.0,59.9732144542795,1.0,12600.753867205793
,72763.4148027561,10.0,22.696380058269476,,0.018170374158121227,3.0,67.46873035170819,7.0,21273.453726970554
61.0,43368.26751473683,114.0,34.63958212879094,3.0,0.05092363257119137,,44.30619551771368,5.0,17060.331370380824
61.0,62362.81190561363,58.0,,1.0,0.3642469669237201,5.0,45.31373724658876,7.0,23771.342073154534
22.0,39925.91038653717,60.0,10.511623955118601,6.0,0.09983486902032335,2.0,113.15022218533801,12.0,18566.294532110805
56.0,41682.65317176431,104.0,32.134284650794555,2.0,0.1856354602526969,3.0,96.00159904853366,9.0,20705.55018409031
21.0,47919.004864007264,21.0,26.773404922595155,2.0,0.2508495830032124,4.0,58.606376742341766,2.0,12917.675728179256
23.0,60305.45705973531,28.0,36.601807902112604,2.0,0.3627340842250814,1.0,90.6600790145388,13.0,21511.610701136437
62.0,73883.63925102138,75.0,32.97847131327322,4.0,0.05661561162956269,3.0,84.25475028524859,14.0,33159.20832133761
49.0,51930.9052707755,119.0,35.45286180815233,1.0,0.20318320263873074,5.0,47.49577941901721,11.0,20697.395747713363
69.0,20003.261773529113,,44.12911163535111,2.0,0.2425364545713477,3.0,45.501335971957296,4.0,10759.218890113347
47.0,62628.92587067875,8.0,28.050965665087514,4.0,0.27041353198576984,5.0,73.37353250702634,4.0,18708.50397000035
64.0,,,31.708342825327055,3.0,0.40918032069760835,5.0,65.20121276225645,2.0,21958.15737070526
52.0,52173.37662134701,86.0,56.825318341447456,3.0,0.08583909752160845,5.0,51.959907673225594,3.0,26071.34332274343
,15824.647216408412,72.0,35.046261902375406,3.0,0.40391572591331115,2.0,74.42453087497475,11.0,18544.301029982053
69.0,53393.05778941703,49.0,32.31184288061917,6.0,0.3464392138483261,4.0,31.150341488141066,14.0,21062.786426908508
33.0,49939.74793632321,79.0,36.23769048984784,3.0,0.27793540709947967,3.0,62.30003055704914,14.0,35907.90437529216
30.0,48257.82313275221,17.0,32.57953440485704,3.0,0.34976393520128596,4.0,35.22152692874488,13.0,34755.94919169449
67.0,68908.19799954265,60.0,24.356415605701628,1.0,0.2060088694758282,1.0,35.88017312949874,8.0,28566.4119564025
59.0,77565.49572671448,87.0,,2.0,0.06919879298406229,3.0,45.86470420695187,12.0,41484.279519692005
47.0,63671.71490402166,88.0,23.548529897749926,4.0,0.33288262013268366,4.0,67.26574552687977,9.0,24543.138780973106
36.0,47338.83830657863,45.0,48.0937878015618,3.0,0.26233615334281113,4.0,46.49525982230739,6.0,10270.421817725643
34.0,72513.57568739259,83.0,25.551421179223816,3.0,0.31968740027138776,1.0,35.637827840992365,10.0,27352.65051310981
36.0,20123.407175715187,69.0,32.67613097245585,2.0,0.168999390514245,5.0,69.54498405353894,2.0,16283.526482938338
45.0,,32.0,45.51104427699346,3.0,0.45343328866991794,3.0,89.85494088882072,2.0,8944.600381942633
43.0,37907.444427965405,44.0,30.824132437835324,1.0,0.29368493428778847,3.0,72.77700868404025,7.0,18169.839738047096
54.0,49380.98704136131,65.0,44.50041972265478,2.0,0.04270124214543691,1.0,96.03597449187292,8.0,22585.015579109455
43.0,60134.69324973675,87.0,11.888104363536996,2.0,0.22490199535221433,5.0,88.18356787205175,8.0,23075.536755081965
,45985.74103325432,101.0,,3.0,0.37817802737181716,3.0,50.25143574980129,14.0,24978.11431079072
26.0,31879.284109954504,8.0,36.18344144897763,5.0,0.3970672808661362,3.0,72.6431963872822,6.0,14925.030904167364
29.0,69497.0056939226,,35.347080846472515,3.0,0.24729852638187938,3.0,58.16738412889686,10.0,27438.289998503147
18.0,45290.86555590612,72.0,,6.0,0.44737378541565054,5.0,81.24199562396117,8.0,13276.967180932184
18.0,52042.57841742067,87.0,53.04668969646207,2.0,0.13383421859714878,1.0,58.16376885472859,14.0,30287.93323994348
64.0,,43.0,22.179905825428747,5.0,0.2052993486191333,3.0,44.22606981581467,1.0,20366.83291222486
51.0,50777.55215845894,1.0,40.02555687893701,6.0,0.44929845528448503,4.0,87.46811884700509,9.0,27381.128240804785
49.0,50865.433894885806,109.0,35.119464239709956,6.0,0.44812835823578945,5.0,66.3559110144674,13.0,23010.952831516683
65.0,70609.4684087166,51.0,50.055642857160166,3.0,0.34285638441234045,2.0,46.729406573815375,12.0,26326.7009457266
42.0,53027.38949140753,24.0,67.81233244061309,4.0,0.4294902735611101,1.0,50.02547399852354,1.0,14687.277436648363
57.0,67255.93971580979,99.0,15.64453273185746,3.0,0.04438663347811633,4.0,46.601587111230316,,32415.739463721256
62.0,60893.34888636779,24.0,25.266291780912518,2.0,0.43249748810388816,3.0,39.965051345805676,3.0,24095.995060708065
18.0,90337.75088373832,17.0,37.83638740758578,5.0,0.16030995327511338,,,12.0,41621.14864909267
33.0,58188.26835738261,5.0,18.419700236708124,4.0,0.08916575621410816,1.0,67.46042427462413,9.0,30105.765266142254
56.0,62759.46540301546,20.0,46.7327391193364,2.0,0.11968491817102317,5.0,61.2812134037236,11.0,31531.67243349757
22.0,72033.13427992736,21.0,47.65058933235588,0.0,0.20898425400694354,2.0,51.23566127235682,5.0,27212.983022046097
39.0,51272.355199003396,104.0,43.391736139925555,0.0,0.1255960023022336,2.0,89.91014937594448,9.0,27693.24104294086
,37242.93806541118,58.0,38.54872626314296,5.0,0.16028379300824952,4.0,19.787330522407217,,12442.050898533256
20.0,40517.08837753086,31.0,55.54563166954671,6.0,0.06748924303582104,1.0,66.12271830311421,6.0,9882.811456427655
29.0,40709.86148995024,110.0,17.66561777496707,1.0,0.14808838277949926,4.0,57.144814903648125,11.0,26627.94312010669
43.0,30993.380636065634,100.0,35.9790229301383,2.0,0.2861419072710006,4.0,,1.0,16086.704719565816
33.0,56356.10338403768,,23.917956969046674,5.0,0.22092685404553197,3.0,67.28908691575435,10.0,20315.671318431145
68.0,37409.66903901832,52.0,48.34874498847753,4.0,0.17335938061795558,,55.6050357527769,7.0,21532.508123784995
54.0,53897.05642403694,15.0,7.499882532403507,3.0,0.373226064428557,2.0,84.94146932427788,14.0,37972.94549415203
39.0,46826.51112578728,83.0,34.5787420161053,2.0,0.44675498569665895,1.0,77.36130484822932,6.0,19636.722328950575
46.0,49167.5701341497,7.0,40.02858030604923,,0.3783946114511985,5.0,98.12261472747971,9.0,19260.260116536178
31.0,61121.132956577116,115.0,20.78761797539338,4.0,0.1660003510588396,5.0,50.33364138972015,7.0,25151.433254606913
45.0,39162.017512229046,28.0,,5.0,0.37222108391877684,1.0,87.93108979495031,14.0,21995.935412665207
22.0,62777.820918735466,51.0,35.230684720581586,2.0,0.0759900912370256,5.0,36.68290463969157,12.0,27349.695725838632
64.0,81346.15733277904,107.0,49.32644569162214,3.0,0.06515899404564546,3.0,,11.0,36969.76753619142
,56862.181659035174,58.0,19.506961571194193,7.0,0.17281351851807947,5.0,50.69505894731457,12.0,19640.007122561074
47.0,34358.08629455062,5.0,22.123250894379712,5.0,0.4038511845220285,3.0,72.04890825818818,13.0,15087.78127590405
63.0,37699.63977320408,5.0,51.88381656560516,3.0,0.12317412362115093,2.0,71.56551596487104,4.0,14806.346333830938
69.0,45034.74198429769,94.0,30.905369001202473,1.0,0.03162670444933979,2.0,41.98760813544057,7.0,20198.879900727152
22.0,38102.194058608686,118.0,23.336914402325338,3.0,0.06585476760317754,4.0,73.16384347968832,2.0,14548.431102782284
29.0,30176.393807799006,96.0,45.93027195825374,4.0,0.4293724842647901,3.0,52.39021834312216,6.0,23629.045084756646
33.0,53088.14553923384,8.0,,1.0,0.3168916423736438,2.0,43.66405280096612,6.0,22249.013842149256
43.0,45576.05336548402,64.0,50.411323030081604,3.0,0.12660058168498833,5.0,59.76437275715345,2.0,18063.676761319177
43.0,53794.417671161165,10.0,25.04419434530432,3.0,0.27764791266409067,1.0,30.46311677274964,14.0,24660.660623275187
65.0,73727.74824430575,38.0,32.60608157262506,4.0,0.2637898112126752,1.0,78.62612699977544,4.0,29158.01279087441
38.0,45272.943321512816,111.0,49.174574980830975,1.0,0.32771798922033063,3.0,58.887583791165596,8.0,18749.928670900455
56.0,26291.599906393778,96.0,31.606086932393726,2.0,0.11659377721080816,4.0,59.32508756403919,8.0,15844.584134823597
53.0,42022.150154928975,112.0,46.340799831179694,3.0,0.43220149359719884,5.0,58.25666745826986,13.0,24462.40192113288
50.0,65408.504342332846,92.0,34.01678589828493,2.0,0.15468428104000642,3.0,92.93700173383567,8.0,32387.422477270007
47.0,63535.4054143391,81.0,64.72537709600044,1.0,,1.0,90.37755377659641,8.0,20310.738852426734
54.0,60372.79295227134,95.0,58.53167906154273,1.0,0.008062323186107445,3.0,87.01522186798374,1.0,7495.644712606205
40.0,37505.865536757934,8.0,15.078556063493778,3.0,0.18632856494707362,5.0,58.29916711482324,2.0,11584.596175587758
27.0,65038.052360653965,104.0,42.833655218720146,0.0,0.17585490897940415,2.0,37.68750175020125,12.0,33854.07199272181
22.0,69537.98156074132,25.0,22.753940208484373,3.0,0.27174221429150724,5.0,59.68041114232172,4.0,25022.741347259896
53.0,,73.0,37.87260408189096,1.0,0.03636813088859825,2.0,66.28800841454364,12.0,32961.02118706956
,49168.59804914951,66.0,36.02555943965392,1.0,0.39506568686305416,2.0,76.25220607786555,,21737.442785643194
69.0,90408.03927364224,79.0,19.169194743612685,7.0,0.10889040088378427,2.0,66.22365482200487,3.0,25903.17012279337
48.0,35202.51447073225,50.0,50.87726815295487,3.0,0.3385189074410051,3.0,39.47011447620827,14.0,12333.653570521274
27.0,15898.266615125503,,38.049544153536125,2.0,0.4016060616220466,1.0,49.29169059319561,,8182.91881356156
36.0,77658.08868929598,49.0,,4.0,0.28093847812075656,3.0,47.47726937502156,7.0,34637.22161807778
49.0,72732.0954340912,,28.428352636346077,4.0,0.37044160336099274,1.0,70.78106100811642,8.0,27059.389716891787
18.0,40860.6535284515,68.0,37.09665454649353,0.0,0.33093015610750276,5.0,71.27194906479934,13.0,25399.797376924267
22.0,47740.16436263827,78.0,41.11887526271428,3.0,0.1777648985760038,4.0,73.89263776161741,7.0,22828.850580325023
62.0,25501.298996220954,105.0,33.12536320462601,3.0,0.40442926951678265,5.0,66.02071709344706,3.0,4973.927827617206
21.0,51779.04545219404,41.0,-7.48779356164313,7.0,0.147350684942764,3.0,18.816009804627114,6.0,23249.8931188523
33.0,73318.27430742802,89.0,35.25336074363725,3.0,0.2856064588757586,3.0,25.48280643450382,5.0,34581.09124223693
41.0,39147.90316483444,119.0,13.377769075853337,2.0,0.37269886957076975,,57.196247373207164,13.0,23480.3041899833
33.0,67542.03957572585,62.0,,4.0,0.1894779549062538,3.0,61.96155840932785,12.0,25817.289763556248
19.0,59274.47714780864,114.0,13.931536143955373,2.0,0.15138380380871252,2.0,85.07331174305956,10.0,27049.33800923272
66.0,61556.33781762279,10.0,13.752535473807988,2.0,0.22967300508641136,3.0,61.555902959900635,4.0,10944.980802242495
45.0,40313.81638827264,21.0,53.52682732922792,3.0,0.4089817471745768,1.0,40.48101338280706,1.0,14178.661236364871
49.0,42907.51634133011,36.0,30.198620285834146,0.0,0.4649608815728324,1.0,73.24329615554737,14.0,29133.62679064193
44.0,13064.551310571966,12.0,29.050067602671234,0.0,0.2725417064299451,2.0,59.654966142715146,13.0,25297.546862399402
37.0,38666.611749797885,91.0,42.23786073242887,3.0,0.33073310266182593,1.0,51.9589042893193,7.0,17030.00956210624
41.0,73269.70916062518,104.0,29.44114215391322,4.0,0.4516368111194571,4.0,27.708011840597806,8.0,31223.339438919902
29.0,31413.35611795453,2.0,66.55709138191115,6.0,0.0492734257064712,,61.703740162224655,2.0,5917.566323456853
67.0,34393.9669228619,118.0,30.904703589109708,4.0,,3.0,64.57635821958921,7.0,14736.054474233177
52.0,62803.79647414248,13.0,40.476881179745156,2.0,0.3544500031257912,4.0,40.077073917879005,6.0,16815.211758931753
50.0,58055.36583986187,53.0,49.56411997065291,2.0,0.41187223095614983,3.0,74.88715576412551,5.0,21042.661645542383
50.0,63797.26499592601,32.0,59.03379838410365,8.0,0.42851451416528896,4.0,73.09593597301966,13.0,29012.63373118498
68.0,26735.589198191923,95.0,23.869907965135397,4.0,0.2075535884274663,3.0,60.978251647859516,4.0,12716.675589902055
60.0,101281.15898600692,16.0,28.73054744242033,3.0,0.04466995114593342,2.0,60.23445715884082,2.0,28666.36329413888
54.0,25684.932516654993,32.0,54.118878129402724,1.0,0.21889073864980996,1.0,78.92075493328497,10.0,17922.206509871958
29.0,53084.94627468136,32.0,47.15093456079037,2.0,0.11536729510352689,1.0,67.35060737562063,,18858.58360436608
20.0,46826.89008262827,98.0,51.127639035026874,1.0,0.14559822749831208,2.0,45.95489102103279,5.0,17190.57008329091
18.0,26267.16965269905,11.0,14.469431846604976,3.0,0.3861337784187529,4.0,56.047034327997046,2.0,9681.962525624866
50.0,42595.811543735006,10.0,58.21999630886028,4.0,0.037763543012943435,5.0,71.13698803872158,10.0,22181.358174705554
57.0,50466.152017717395,15.0,23.578886850727926,0.0,0.41379060874035106,4.0,19.353581513358797,7.0,25945.71580057341
27.0,,17.0,37.88439467212844,2.0,0.21383454291208454,1.0,41.36947902420743,6.0,19996.784829350825
60.0,68744.47243069699,40.0,32.77665683612344,5.0,0.29803196555029754,5.0,73.6427533267795,12.0,29873.91498359408
61.0,46767.485090750575,18.0,21.822757451778948,5.0,0.0448261156178395,3.0,84.17755208432226,11.0,23126.20830178904
,23174.506579634268,55.0,13.811963548684957,3.0,0.16867953917863981,5.0,80.42097480536025,9.0,11779.031389685317
30.0,21477.48934661406,73.0,8.842278250506531,1.0,0.04485045950742289,4.0,77.86586624495561,11.0,15443.69133615086
29.0,62123.301812229125,,36.78527609080962,3.0,0.4807718614405548,2.0,62.59487725342883,10.0,38192.784109034896
48.0,20264.584345993277,104.0,12.120213646498165,,0.4036308246631252,3.0,39.42193180624621,5.0,6115.981500318649
,56328.521460981676,,17.992766073696753,5.0,0.2298163771782301,4.0,56.067532308535306,9.0,23505.274768897954
19.0,58893.10371333918,78.0,31.7294618270267,1.0,0.11180127416183555,3.0,,9.0,24530.4877976533
68.0,30092.89272151966,89.0,-4.582127503898498,3.0,0.4667275526249261,5.0,86.01312172421507,13.0,20192.0097552339
67.0,67814.76167549781,114.0,46.68469568066002,3.0,0.17229829786348588,1.0,43.65774395051382,1.0,19088.231958257365
52.0,15644.127524767355,22.0,-1.1483225066021205,4.0,0.08049221584368738,4.0,49.33308479953594,5.0,10289.438763535205
40.0,55929.17867997117,116.0,33.83941413000841,2.0,0.28158219422697744,2.0,81.17238105281153,9.0,16827.87809703238
34.0,49182.84132807983,30.0,35.22528839891434,2.0,0.47188706017240806,5.0,27.707460857809117,,24540.70976108397
43.0,47620.040485382124,84.0,43.07092580272713,1.0,0.0019151452501612876,4.0,36.211947519491375,6.0,23248.926143825625
25.0,26442.067140388546,85.0,34.374787964151594,0.0,0.11906242162699937,2.0,65.3594268765027,,6718.26221180089
46.0,,44.0,65.26861945749857,2.0,0.4692238202052038,4.0,70.40760830134957,11.0,14254.613635237993
43.0,82376.04050041195,32.0,38.24475322352751,2.0,0.08554298342858102,5.0,58.565984096516814,7.0,26427.45141941658
27.0,74303.10017743507,51.0,50.8041859886549,1.0,0.05662172581990993,4.0,59.21833774128184,1.0,21877.597746094907
43.0,64841.69177047597,46.0,24.14805786694568,5.0,0.28509360789990223,3.0,85.3675590778889,4.0,35353.96702459666
51.0,68796.96207059376,113.0,36.811352092842014,7.0,0.43092191164741495,5.0,72.72636890121302,13.0,34955.37344604949
68.0,66920.27089342538,21.0,58.21355142543389,2.0,0.23855490884696307,4.0,70.02339869055092,1.0,11638.133022120322
58.0,43532.875754275825,99.0,31.434573129655387,,0.4972821283422624,1.0,75.51292985587486,6.0,15211.585201778027
,50952.07103628702,32.0,37.883521462928464,2.0,0.3395858497689964,4.0,53.98819450622764,14.0,28619.55912952119
21.0,20549.832439179823,94.0,49.71280173706213,1.0,0.03703745360522387,3.0,103.46331328286041,13.0,20233.36750324443
67.0,48206.08746384948,119.0,23.86655719712548,2.0,,2.0,13.849369633350335,4.0,11488.081937602727
62.0,73668.28499078374,39.0,2.5765950002121016,,0.20394711839009522,2.0,89.15842048237563,1.0,22025.534357349814
28.0,36785.85503485729,113.0,,,0.14370126692274127,2.0,78.04215037486219,9.0,16047.56082240448
46.0,70462.82409374452,12.0,49.83003754037004,0.0,0.2789395917889428,1.0,64.96576503101709,12.0,27620.054415111772
53.0,51831.71477387526,105.0,14.728313526620429,3.0,0.15215379591043215,3.0,,4.0,20247.492665657348
42.0,22292.562686605354,47.0,45.05329845916008,2.0,0.04322875356007616,5.0,56.88893405725788,12.0,22157.154673195717
38.0,27853.60973307377,18.0,45.15449581009307,5.0,0.0007141715395883597,2.0,82.06887175926818,6.0,17561.289304730228
53.0,68386.0573941551,21.0,0.8975561132704399,3.0,0.22479167646013115,3.0,59.20271052000232,13.0,35787.74897391591
27.0,61050.481705167695,13.0,20.955670513898415,5.0,0.41843171111329613,4.0,45.442305209538254,7.0,21828.296845848992
54.0,52035.28145975251,21.0,29.062568289025066,6.0,0.2861575928150383,1.0,78.03965770643364,8.0,25983.33324524328
26.0,44519.36371504109,8.0,32.30563999647144,3.0,0.4996036494717204,3.0,,12.0,26301.081305033764
41.0,54211.35955257171,46.0,23.85298602848024,5.0,0.14342332282359999,3.0,21.456617538424936,13.0,28933.11728053158
52.0,67605.92498506498,104.0,23.04495794626727,2.0,0.14022753238002766,5.0,107.14183661540639,11.0,27823.311887010503
66.0,79517.0656097457,110.0,60.07224336773139,0.0,0.0798747301169721,3.0,39.26537404940717,9.0,30370.73904621607
52.0,80473.68398881209,7.0,33.38661302211637,6.0,0.08203179413266759,5.0,40.794034469692946,9.0,32311.53987726639
65.0,57439.19801516996,23.0,24.574345097753906,5.0,0.1425932980050239,1.0,35.10220561014775,8.0,36431.13173947849
53.0,46561.36619270959,108.0,34.38245784631175,3.0,0.39642002263676357,1.0,60.016981049292504,,19874.62225826983
35.0,52924.960156377114,96.0,43.056362495917156,6.0,0.45287839531822394,4.0,34.40563430062732,11.0,22621.545535661702
66.0,60442.40714510159,75.0,35.77439565066812,3.0,0.48754358485384064,5.0,36.834798722982285,12.0,25370.774918683266
56.0,60361.33887690183,86.0,31.9140861375804,1.0,0.11614482704822632,5.0,46.22899904832766,12.0,27449.568599789534
49.0,76159.7327428021,,25.249749969943203,0.0,0.44064877280704584,2.0,62.769113503886786,14.0,47734.387060585956
41.0,92315.1144383331,107.0,,2.0,0.16412754463866852,2.0,64.69707197935023,3.0,28298.251101770118
40.0,45894.907407718274,89.0,,,0.056420272258442206,4.0,84.8239455882017,12.0,29902.824895366906
49.0,93117.69817648924,22.0,40.082219012161055,,0.4350124627600828,1.0,84.36297546389827,2.0,27655.66822558999
54.0,73444.78493516787,92.0,20.087298613973193,5.0,0.3180528173218093,,80.49222628195207,5.0,27339.358186948502
29.0,47983.54019629584,29.0,40.89903835205333,1.0,0.08236544804053086,,54.76765657868549,1.0,19153.788428932363
66.0,79971.2967773016,13.0,56.19492133440245,4.0,,1.0,,3.0,23331.874784140862
30.0,83712.96602838329,82.0,39.885610367198,,0.14362884743853382,3.0,22.733712033920114,1.0,22508.33153775114
40.0,40794.09111612306,2.0,29.456217066242942,2.0,0.3683972843550985,5.0,80.35459752219626,13.0,33132.57580711357
,84644.30504971296,29.0,,3.0,0.22670811531213403,1.0,76.8750894341474,3.0,32716.25598939287
52.0,71501.65642071927,85.0,58.67160211867271,2.0,0.4946399725531925,4.0,47.66591075111907,13.0,38003.858519669426
58.0,97371.18255958383,79.0,17.449735241016313,3.0,0.02737249112979756,5.0,31.18527497405117,4.0,36547.73623348972
47.0,41519.22836001002,52.0,47.72843051713622,5.0,0.17750763306812334,5.0,39.05697953661817,,18753.645949558333
34.0,42931.46512528008,27.0,44.57776790891728,2.0,0.2409500835549887,3.0,63.49388604399055,12.0,34568.31860345935
66.0,9466.757405133198,50.0,31.448470955539104,5.0,0.2515667773741599,5.0,63.53121999709874,12.0,14059.568730925745
37.0,61423.87841135924,,31.05531794328983,1.0,0.1579679111928184,2.0,80.85062546254,,26113.47535941237
65.0,57505.025112374366,79.0,7.464330889384691,0.0,0.364620124548784,1.0,50.99291085585008,5.0,14996.942890742246
42.0,38740.126569286665,115.0,39.950975012189325,4.0,0.43737353674448737,,55.11927942996715,13.0,19697.234537829794
39.0,48362.98537023884,23.0,44.298894985937075,6.0,0.4693596509889315,3.0,82.50642611932878,1.0,8304.80061189645
30.0,23775.579796497695,88.0,18.663798257782933,4.0,0.4025466883997631,3.0,17.498101972247312,8.0,20702.991856530054
36.0,73968.89905663372,44.0,32.66267788506346,3.0,0.4252900986532997,,66.34905893834052,13.0,21827.96895688637
66.0,40206.0105094338,77.0,,5.0,0.27527265030999776,5.0,53.315424427361286,4.0,13050.253039066527
53.0,,22.0,43.768589419243526,2.0,0.4129441132134073,4.0,,10.0,9631.466986696887
29.0,46487.97398577935,43.0,35.05704614184781,2.0,0.1517519545739761,3.0,70.25213205722685,5.0,14389.952718324352
58.0,34807.623179033806,37.0,10.605209690576238,2.0,0.1992393810546072,1.0,,2.0,9587.54220505081
36.0,41753.73762530276,61.0,27.050933458062662,4.0,0.15845650690927215,4.0,49.853302870420364,12.0,30650.47675656105
29.0,21760.780469114972,97.0,38.36938678083529,3.0,0.23369366772396272,5.0,13.960491489046369,13.0,20911.373836841776
26.0,59645.437814058845,56.0,47.622925130596386,5.0,0.14278980811931818,3.0,74.9998299652364,1.0,13727.923727572823
24.0,41602.006004417555,3.0,25.7354508590863,2.0,0.4808057211272234,1.0,64.79547640129262,9.0,26410.4203999844
45.0,72625.05580795475,63.0,67.8147481182503,2.0,0.15642231400283407,1.0,87.97024710903426,2.0,23476.67801503521
31.0,44505.05009651165,118.0,6.582903967445532,3.0,0.049022269055469914,1.0,52.01199927678906,6.0,18939.349322489754
48.0,77688.84223371293,19.0,26.544497374131485,3.0,0.2634085830252067,3.0,78.28671195296052,1.0,17693.29513125392
69.0,65149.11498634082,,33.754495947608405,4.0,0.028549539222588183,4.0,38.60147908871721,,18794.665926386548
36.0,50571.93553436688,,31.988762546707036,1.0,0.05527158315429026,1.0,5.904204042820702,9.0,19846.09416058244
64.0,81604.65174701643,30.0,16.51786505277751,0.0,0.10969469459812314,5.0,58.10972119264464,4.0,28713.701889875872
33.0,69045.86922074419,39.0,41.71792621627691,1.0,0.23217512494107084,1.0,48.66636489893949,9.0,29903.189401126634
22.0,108924.2565332645,108.0,40.56641076970883,4.0,0.21662546615451395,4.0,38.9835714843056,11.0,50597.74027759958
52.0,41810.89510043591,111.0,35.7194216897232,3.0,0.3998459310013956,3.0,77.96210786973234,5.0,18868.544369819945
29.0,51532.32210916921,25.0,39.977657948877734,4.0,0.3697373269420567,1.0,84.16493347087115,7.0,8121.868164390222
42.0,81374.1802202186,101.0,28.643353828279537,1.0,0.21315914699535066,1.0,62.10842558731722,,30525.46400542403
69.0,19129.243763297753,111.0,10.739555748371483,5.0,0.16685210378781495,5.0,56.34961860763669,6.0,3488.6913481516613
38.0,76338.87126465124,8.0,,3.0,0.1582343920307493,5.0,61.25416747805045,8.0,25471.80675633769
53.0,58786.055153629415,106.0,37.35581872114162,4.0,0.3869975436470045,1.0,46.94147512197345,14.0,26774.969187457173
40.0,32235.784891055042,58.0,37.44116622269594,4.0,0.02603620311063487,1.0,,1.0,6554.043849755002
33.0,22739.20682897757,16.0,35.62068578878772,4.0,0.006410824755302913,5.0,29.21256027677122,9.0,8146.015088491757
,36550.21053739432,72.0,43.230624019775476,1.0,0.397772195963324,4.0,38.53843743139615,3.0,14782.473178479733
62.0,4303.608553488557,1.0,26.282809318249754,4.0,0.23857318799452465,2.0,44.174776973863956,1.0,-5562.928859408229
59.0,40209.211126169925,108.0,35.400215856658036,3.0,0.06544056927678799,2.0,70.82710861963058,,18246.101374100213
56.0,62451.12666685163,,43.58139167607382,2.0,0.11778296729725063,,53.95020285913513,13.0,42520.19338536364
31.0,40473.987180623444,3.0,,5.0,0.46625197654869127,,87.20780789406146,14.0,18495.400859516714
48.0,77766.25402867617,65.0,16.350141073908517,4.0,0.429751487812449,3.0,76.06619512757018,11.0,32107.324686906733
22.0,,4.0,20.577674455166935,3.0,0.35489252511198627,3.0,43.97813648875309,6.0,7782.71318743765
52.0,75512.88965251549,104.0,47.4627848641905,4.0,,2.0,72.6693158079724,,25349.19043090398
40.0,54612.8182052873,99.0,55.88708244413859,4.0,0.26016181309569286,4.0,51.83585943695963,6.0,24797.43122474361
46.0,3506.414550270616,96.0,52.629246617360735,3.0,,2.0,69.46360990047927,1.0,5055.12052186752
60.0,35926.050159347884,64.0,38.48233924613053,1.0,0.48288522194214356,1.0,77.03544327185946,14.0,24964.633699224847
28.0,47159.22946451226,106.0,16.95301096974961,2.0,0.10763452289291714,4.0,82.29429203625433,14.0,32194.08596314856
35.0,32122.647009903783,98.0,34.90472664840697,0.0,0.40555228315265907,3.0,64.04043139675834,3.0,25367.06678268509
64.0,47209.890490268575,107.0,58.433826979256324,4.0,0.0986213330835084,5.0,92.00247372960436,7.0,28924.490584268566
,82201.34937386759,89.0,44.27732570684713,1.0,0.1067687389419757,5.0,68.82628712122545,10.0,31847.80016511209
26.0,17084.469409693636,10.0,31.88783715974191,5.0,0.3380465170822884,1.0,62.701043189152614,3.0,-130.1791094256023
,86233.84112238053,21.0,44.42937849261825,1.0,0.2025005492937742,2.0,53.949712246801276,3.0,26639.39525384514
,67694.52843508274,46.0,15.959071900765931,4.0,0.4657722035532601,1.0,47.37381959623265,3.0,17773.444702438082
34.0,55364.33616555391,103.0,24.564929332276968,1.0,0.044504867448004415,5.0,68.39767452123411,12.0,30666.038588989333
55.0,35727.66888518473,91.0,18.73712913466513,6.0,0.2557628204047465,3.0,,7.0,10612.332968407929
24.0,32520.99309017149,27.0,42.04357727522649,4.0,0.4592607652215606,5.0,,4.0,12592.185764099735
63.0,17475.645708225205,66.0,45.711552495801385,1.0,0.45205683023975257,4.0,69.61491655112583,4.0,13232.763985149111
30.0,84335.30960628774,41.0,32.6926095920245,3.0,0.07826460670787061,5.0,,3.0,27197.113517800437
57.0,80752.23120148083,112.0,21.90605484890651,3.0,0.18331885004822823,5.0,100.26590813855702,10.0,28894.100246705268
59.0,21874.307428334356,,,,0.3095607000233481,4.0,49.44070231643724,11.0,23036.362516428766
26.0,38947.440101875975,9.0,27.70130163989289,,0.07969744238570109,,68.64586688239412,9.0,10889.327306793659
67.0,58662.89538463817,116.0,23.05743942959383,4.0,0.48401108602286935,5.0,55.446135683025176,2.0,17159.893336004134
44.0,44009.81723655584,36.0,40.0849052796387,3.0,0.4573746643638302,1.0,10.770557728495184,4.0,16394.645054060078
19.0,11626.504859363646,86.0,23.630116662219894,3.0,0.08347508951723459,5.0,56.1305435426311,,7967.494749807249
22.0,,106.0,11.504754005538611,2.0,0.06057773063049271,1.0,41.27005888162919,6.0,21502.480280390406
46.0,89020.68596040038,90.0,14.838282944552198,4.0,0.04270424140413265,4.0,,14.0,42958.404887167584
54.0,38200.42819171112,58.0,10.951092997760757,3.0,0.45472183201831556,5.0,59.471949573365904,7.0,17683.09126228658
55.0,46730.65326595586,54.0,38.712678748643064,1.0,0.0968119048977304,4.0,67.70715775878675,13.0,24978.904569068352
36.0,27096.451519292386,12.0,37.25608157264246,1.0,0.20814246427217736,4.0,49.39641249367662,7.0,12890.988732489237
25.0,61755.25970567496,81.0,36.50780141762243,2.0,0.2244256828260015,2.0,51.89814168526118,2.0,17068.998901510713
65.0,52303.03598049167,78.0,43.81597478719914,2.0,,5.0,74.01387305619897,4.0,23228.627415781826
62.0,35159.60516886043,,52.87938284175675,1.0,0.03586767187371248,1.0,43.818829410377546,10.0,17115.239153275557
18.0,23906.8920838515,34.0,26.11600203762327,6.0,0.11337930870025797,1.0,23.230940185814156,,15205.923170196673
,78090.86748021751,53.0,41.09716215857627,2.0,0.465745193459463,5.0,63.140627138529624,6.0,29122.255655364606
69.0,,20.0,11.305767388911846,5.0,0.45420505363428476,2.0,81.41697495136489,3.0,14393.725965719352
34.0,60076.3139117911,75.0,55.68064619395026,7.0,,2.0,73.78360951293772,9.0,28714.930252258004
24.0,,16.0,16.327531426727646,5.0,0.009700622809107717,2.0,63.50968391060607,13.0,23362.73037638441
,,115.0,24.348783214393436,4.0,0.16350338424805105,1.0,85.01290686697556,4.0,21390.920203641064
62.0,69405.97774520122,95.0,26.034357294003613,3.0,0.3139793676714539,4.0,81.64034478329832,10.0,31285.42392951929
21.0,71895.67423279826,119.0,12.105935049166817,4.0,0.13759510588673785,2.0,53.381709445418785,13.0,30787.078824379874
53.0,46775.830628602635,70.0,35.488633661128425,1.0,0.45479334752688866,1.0,64.9504345667414,2.0,18475.923265253587
23.0,81680.07211127391,56.0,38.20855802302223,2.0,0.31694473091622094,1.0,65.8092044527288,6.0,32836.970261825365
48.0,96155.83389992136,83.0,32.15879493527675,4.0,0.0359533586582228,4.0,58.26498742514861,1.0,34834.34819902619
36.0,43567.53727908074,,11.896285519533848,,0.4545027944178515,5.0,82.68495141747756,6.0,23500.9962457707
61.0,40979.899397401445,58.0,64.75079352277567,,0.47888332908811126,5.0,56.957191332064575,13.0,27350.339922851846
56.0,52983.545206898714,4.0,43.23846194752472,6.0,0.038856209195862745,2.0,49.994422179900084,12.0,21057.108806025797
44.0,40446.39708211586,111.0,74.51333065474938,3.0,0.26618011743065745,2.0,8.169174852496909,10.0,33776.85406550504
27.0,37522.596079797586,4.0,22.923361401705613,1.0,,4.0,44.03392235252577,1.0,5038.697768580225
43.0,39265.229195169806,20.0,49.36823342265465,2.0,0.19641953824070119,2.0,33.691641823931356,14.0,30125.88462996249
36.0,84315.1201601249,10.0,46.68910831091245,4.0,0.08982560897767095,4.0,59.19207697467129,8.0,34650.95513246896
56.0,65437.639900708644,24.0,30.641373453539565,3.0,,1.0,34.92621499074491,5.0,18160.580107807018
20.0,40381.077454838174,118.0,56.16576351588836,1.0,0.4789896766244453,,72.17369483337802,6.0,17292.818542058954
62.0,897.4994855542827,99.0,28.91884988579332,7.0,0.2515363001358045,1.0,82.16875216428078,2.0,475.4854144430824
30.0,19110.71012787065,26.0,29.586628708630894,2.0,0.04145729069724058,3.0,,2.0,13861.126617413813
67.0,60068.58165203755,37.0,-17.07144837907574,5.0,0.3100006667387042,4.0,40.319645674725166,12.0,25454.019994210208
45.0,7568.88117222365,102.0,41.135420806139564,6.0,0.17011149722562852,3.0,65.72800752363068,9.0,8760.939319545327
37.0,55859.870549039115,85.0,15.117351324763902,1.0,0.4279625947956489,2.0,97.86950116176055,3.0,7877.613139605419
45.0,28688.72550269949,54.0,,0.0,0.2173390741582351,1.0,91.64961258649122,6.0,23280.431616427733
25.0,51836.11549161347,104.0,19.60670541882459,2.0,0.0964198044711228,2.0,31.87842613525154,10.0,19798.493432383686
58.0,51277.126026682854,103.0,29.506526910226075,,0.09555281134557247,3.0,31.136375530635235,5.0,21617.692129200732
56.0,52411.798677814215,21.0,41.658203453261535,5.0,0.3843820903605802,2.0,26.00927120400104,14.0,28216.50045473494
18.0,42111.56305842959,74.0,35.16712344573136,0.0,0.13279379915367995,5.0,37.26041092499358,12.0,24143.464083612173
20.0,41454.28748784536,38.0,45.6446193575871,0.0,0.3836166970796115,3.0,65.0318493753726,4.0,20485.596170707984
30.0,35584.191621271224,46.0,,3.0,0.10294365538329969,2.0,48.8661144966015,10.0,28431.569787899538
45.0,59677.8463448378,4.0,29.46806094983247,4.0,0.1608431843506547,1.0,43.22659928230782,2.0,20360.8222531613
66.0,66103.85349561897,60.0,27.821491369758295,3.0,0.2327434862198497,2.0,80.78219535032903,8.0,30506.54613683832
42.0,25620.549549277475,57.0,49.36591480493014,4.0,,1.0,70.60186238175254,10.0,18530.622548418447
50.0,48967.43055415461,45.0,50.555709331098946,,0.4658657123769123,5.0,25.905947456923762,7.0,26377.886285899513
55.0,,20.0,46.1088630215457,5.0,0.1034359377111439,2.0,79.63449348419272,11.0,22685.418102568365
23.0,53675.422692460845,17.0,20.71731789890976,6.0,0.1791095206215364,5.0,70.12069444924077,2.0,22279.57957982032
61.0,53335.392391930356,119.0,41.339825982524054,3.0,0.07469969422688616,3.0,70.56526516060745,,25953.117045816027
62.0,41959.30379309551,71.0,36.642059060709336,4.0,0.25499253965674856,1.0,48.59051952138863,14.0,31200.4761813432
49.0,55580.608509250786,4.0,50.78793412024495,1.0,0.2302912753473333,3.0,56.25391640410219,8.0,21173.443216092855
62.0,62360.5742196724,93.0,26.40691865693377,3.0,0.4503800812253662,1.0,20.54556943605766,7.0,24266.484094715768
64.0,52820.73311645129,14.0,10.000845632751258,3.0,,5.0,77.3397334506925,1.0,17443.554878837556
38.0,60118.79673067448,3.0,45.35355200570409,2.0,0.19178369550364605,4.0,40.02145977397369,5.0,15781.428795057314
33.0,69807.06822075014,88.0,,4.0,0.24586897150949472,2.0,42.58741937812112,2.0,30116.721506655114
38.0,12981.192842094642,101.0,24.02729894155505,3.0,0.44811812457306655,5.0,42.31717411280566,6.0,9232.975185117513
28.0,68869.27683730735,80.0,19.652067330225584,5.0,0.40335390387253073,1.0,96.00802233807639,7.0,28080.422489215813
54.0,56848.55530442549,58.0,19.550979936413796,,0.0018281556723246384,1.0,46.62591870475426,14.0,27769.54439269163
53.0,27767.493445225467,55.0,23.764527935673566,3.0,0.16002978209179125,1.0,78.84520547087446,14.0,15095.860236732524
52.0,66049.41764639378,116.0,53.26060354627445,2.0,0.21088712096806295,1.0,59.520157902344366,7.0,23394.67586654428
36.0,42033.58187952077,4.0,47.30833128509559,0.0,0.11485814184161586,2.0,43.417805731290414,3.0,16706.09550202417
,44760.67127362894,24.0,31.224039770112423,4.0,0.09978580794796937,3.0,39.79199893440605,7.0,22995.34544585715
35.0,39846.40435068676,34.0,52.00435207788574,3.0,0.018892253297839834,4.0,47.42287825032017,5.0,17162.879008219632
64.0,56047.97688476449,30.0,19.06554267250439,2.0,0.32168486253488027,2.0,58.51077186448252,8.0,26148.0131466391
58.0,34292.93714975894,82.0,17.025749213792626,4.0,0.13125514524158283,1.0,72.03474212776348,12.0,19802.7492715208
,68029.49259895572,19.0,47.95394988869886,6.0,0.026173589215656545,2.0,50.58016641019168,8.0,29690.090610913856
31.0,47222.74825610657,31.0,43.6946484398397,4.0,0.11548965526403182,5.0,49.83176516439361,7.0,27780.988808761504
,42715.95033024125,60.0,28.096048976250152,4.0,0.40095697641806327,1.0,42.37689710195852,6.0,21538.732311267308
48.0,65057.5135522794,60.0,17.968086594528042,2.0,,4.0,36.119157170795546,2.0,25164.963506948523
18.0,43608.864753618385,19.0,56.8959781255691,1.0,0.24153312259665133,1.0,34.44617960495476,6.0,20352.741422618667
20.0,,49.0,9.198461735782725,1.0,0.20803533520434309,4.0,79.76057835879202,13.0,20284.22465200199
33.0,69591.85901681731,63.0,26.023610969846594,1.0,0.4889268467508909,4.0,49.42321830758256,12.0,27454.22505188898
40.0,23303.92323562046,110.0,38.42864791276846,4.0,0.10028232979403495,3.0,51.194482008884684,11.0,19465.555974005354
28.0,72185.20404445849,83.0,62.03247212647169,3.0,0.10767964142730424,3.0,46.66774834038296,9.0,30000.865953537115
29.0,20759.280569962288,22.0,40.746503181098305,4.0,0.14593358851819987,2.0,53.66287420144753,,12626.998603352826
27.0,73431.61053765021,24.0,42.20456979519948,4.0,0.08637865914054366,2.0,67.42148348646869,1.0,30611.600250515432
49.0,90567.14384460478,109.0,26.45924449777809,2.0,0.1896827991020933,4.0,50.26238357660756,11.0,41400.3231495281
33.0,67496.68876538263,76.0,43.52720337911897,6.0,0.4554171134948769,1.0,63.614797748611416,13.0,38343.43765832889
25.0,6860.387106006536,30.0,36.579639813186304,3.0,0.30767392031428714,5.0,88.3641697899528,5.0,6931.5230791556105
55.0,71271.31438772037,58.0,11.173031893736628,1.0,0.20597327430613183,5.0,43.60671967625588,11.0,28145.31592889391
29.0,94922.57931872024,102.0,46.894022802396606,3.0,0.4672053972856074,1.0,51.210634600195824,6.0,33587.442999544364
41.0,43939.367180039415,117.0,49.555900847702766,2.0,0.02423211623791116,1.0,72.82120538823617,3.0,11758.051085416135
45.0,49305.9335994022,31.0,47.05047573231744,2.0,0.10513808895093069,3.0,89.94592334363851,8.0,30183.254863682898
25.0,26230.26556147136,100.0,35.49991888498703,3.0,0.2829443025508795,5.0,,7.0,18221.035051118757
45.0,56241.58837639338,64.0,20.65734675275529,3.0,0.3077763115965896,4.0,25.983919503043353,2.0,20875.03899605941
53.0,75383.54365086259,19.0,0.3622440307270196,3.0,0.01977875328130657,2.0,59.987872982554165,12.0,40194.77910639929
43.0,63954.74256298908,48.0,37.35580408102176,3.0,0.2015193789535661,3.0,57.92246206056391,7.0,15486.140696280596
,112839.33954575597,45.0,51.229130896112736,6.0,0.32457698241543637,5.0,74.00338592332197,1.0,36592.49162044009
67.0,50660.540859315945,100.0,49.93298703624621,6.0,0.3490352732017008,1.0,70.95120693242028,9.0,16444.93333627292
45.0,17386.532651694713,94.0,,3.0,0.31906995125813464,5.0,59.320735482514536,13.0,17579.681303180107
45.0,53419.41943136438,,33.886835321759136,3.0,0.16028161218046227,4.0,80.98429706733583,7.0,20867.287867073243
54.0,1670.9646957502046,113.0,51.311962610472456,3.0,,3.0,46.3796469029468,6.0,9209.9724692098
58.0,39337.92150270972,55.0,48.86242735783854,2.0,0.21355622320966705,1.0,64.2316158415351,13.0,25542.312895617695
53.0,82487.64117200424,97.0,28.660496589176628,3.0,0.06437721868402774,4.0,35.685855423713605,2.0,32871.87821966021
,56502.672972635424,18.0,45.148970249237706,3.0,0.47381182926033355,2.0,59.15743447649364,3.0,16341.316087127558
34.0,53588.33625662538,63.0,26.960612818860625,3.0,0.23758543301131413,3.0,30.77736722919937,1.0,20022.072825154035
,86415.60753430713,116.0,43.10036347425383,1.0,0.15862958717843378,4.0,37.68312906047399,10.0,36535.7983447863
50.0,44588.0021667326,113.0,15.513250335483992,4.0,0.38315203555945004,4.0,94.1890367497984,13.0,17399.949299662017
37.0,75236.40825868218,92.0,16.666822869906177,1.0,0.24897429629113194,1.0,23.509248642888593,5.0,22777.840184989487
30.0,52586.139503326805,47.0,50.87310570415861,4.0,0.15501701200622503,2.0,55.6669660917048,9.0,23226.4516833872
45.0,57600.94926918052,75.0,49.063401833071474,2.0,0.40598387119540086,4.0,76.54430245449336,13.0,35441.74703021279
65.0,25653.90288273974,57.0,44.504173108637474,2.0,0.433576075500561,3.0,104.42711163378857,6.0,15614.786152607494
46.0,40359.06410343567,118.0,36.31953231579246,5.0,0.3365040831443385,4.0,63.54150083532096,5.0,10270.215111627129
30.0,22049.63534312253,45.0,,4.0,0.023482211203833647,5.0,64.68440252125384,12.0,17113.30946270096
63.0,48095.0984354931,33.0,33.87686092690266,1.0,0.28316144008326605,3.0,60.793707634954984,3.0,27317.56177461308
52.0,57808.04687832534,17.0,41.81274750784757,1.0,0.3816474559986408,3.0,81.14468809368324,5.0,22698.53073770189
23.0,27799.23789817096,70.0,26.979001286606128,5.0,,4.0,,8.0,13703.143494089309
35.0,90983.57845369646,4.0,24.31258710787644,3.0,0.11433537569230168,1.0,48.4982442641423,12.0,41153.77173989004
68.0,55562.12038183922,20.0,56.666305822305375,1.0,0.4412475525340682,3.0,82.31023382857454,2.0,22285.601512461617
22.0,51155.911711704386,112.0,34.09566512912582,1.0,0.010060860926537019,5.0,50.75618568304346,5.0,17865.931776111018
64.0,65393.1550269125,47.0,41.821927544635706,5.0,0.376363568912988,1.0,28.030077598320013,6.0,27130.820379930934
42.0,33421.43838268156,91.0,46.61197192429047,4.0,0.23688664625721145,1.0,28.09350917128844,10.0,17581.984031450425
19.0,53269.549583349064,15.0,19.978443852423833,4.0,0.22338607941980343,1.0,55.97863707150635,8.0,26777.50288415191
