id,age,country,device_type,daily_usage_minutes,ads_clicked,watch_time,free_features_used,days_since_signup,last_payment_amount,is_active,support_tickets,upgrade
1.0,50,BD,Tablet,-10,5,7.743246107411251,1,60,,1,,1.0
2.0,35,,,5,20,1.6970192647079456,8,300,50,,10,1.0
3.0,60,US,,60,10,2.365982550784165,2,60,100,,,1.0
,40,PK,,20,2,9.538725843799373,1,1,0,,,0.0
5.0,50,US,,30,10,2.167170460122895,8,300,5,,10,0.0
6.0,,US,Android,10,,5.893409520345019,2,,5,1,,0.0
7.0,30,US,Web,,5,6.003487433288409,,300,0,0,,1.0
8.0,50,US,iOS,20,0,5.151432389477326,5,30,5,0,5,1.0
9.0,60,UK,Tablet,10,20,6.625079861479777,2,-5,,0,,0.0
10.0,40,UK,iOS,,0,2.683353895077375,,60,20,1,1,1.0
11.0,35,,Tablet,200,10,,10,,5,0,10,0.0
12.0,60,IN,iOS,120,0,4.035645924845523,3,60,50,1,1,0.0
13.0,60,BD,,5,5,6.785838966477296,2,1,20,1,5,0.0
14.0,30,US,,60,20,1.84162366204492,3,,,1,1,0.0
15.0,45,,,20,10,5.923335459975024,2,60,,0,1,0.0
16.0,40,IN,Android,5,20,,,120,5,0,1,0.0
17.0,25,BD,Tablet,30,2,3.147109099592846,10,30,5,0,1,0.0
18.0,60,,,10,0,2.5777431030740408,5,120,50,,0,1.0
19.0,45,PK,Android,10,20,2.2369589087537625,8,-5,,,,0.0
20.0,25,UK,Tablet,20,1,8.344254039826335,3,10,50,,10,1.0
21.0,40,,iOS,-10,0,3.214221892778458,10,60,100,1,5,1.0
22.0,18,BD,Android,-10,2,9.30767592771227,3,5,,0,10,0.0
23.0,,,Web,200,20,9.714301990779314,5,5,0,1,0,1.0
24.0,45,PK,Android,120,10,5.9269744644024245,3,300,0,1,0,1.0
25.0,70,,,,2,1.8585106653244008,10,120,0,,0,1.0
26.0,18,BD,Tablet,30,1,4.0582083121060215,,30,50,1,,0.0
27.0,,,iOS,5,20,8.078456501808034,,60,0,,0,0.0
28.0,30,UK,Web,-10,,3.9902119226221693,1,1,,1,1,
29.0,50,UK,,200,,1.3266635738764931,5,300,0,1,10,0.0
30.0,35,IN,,200,5,5.789456653817785,,-5,10,1,2,0.0
31.0,70,,Android,20,0,8.52864808921233,1,,0,,5,1.0
32.0,30,US,Tablet,30,10,8.061300677863272,5,-5,5,1,0,1.0
33.0,,,Tablet,,5,2.163669831238356,,60,100,1,,0.0
34.0,30,,,120,20,6.891263836918434,3,,50,,0,1.0
35.0,50,BD,Web,60,,2.5947905026386477,,,20,,,1.0
,40,BD,iOS,20,,2.572971578245636,10,120,100,,0,1.0
37.0,70,,Web,,,8.80368184639926,1,60,10,,0,1.0
,50,,iOS,60,20,2.8718550510321865,3,,50,0,0,0.0
39.0,25,,,60,,3.000849791921106,,120,,0,0,0.0
40.0,35,PK,,30,2,0.5062072122323458,5,10,50,1,,0.0
41.0,70,,Tablet,30,20,8.771355824192417,,120,5,0,10,1.0
42.0,25,UK,Android,5,10,8.02965072548678,10,,,1,,1.0
43.0,,,Android,,5,,3,5,100,0,0,0.0
44.0,70,BD,,,10,7.6275247574190015,1,-5,100,,0,0.0
45.0,,UK,Tablet,,1,1.944461390532672,1,,,,0,1.0
46.0,40,BD,Web,10,,4.854074148581967,,,,0,0,0.0
47.0,25,IN,Tablet,20,1,3.8365841798134186,10,300,5,0,1,0.0
48.0,35,US,Android,5,0,1.3908769994416565,3,5,0,1,1,1.0
,50,BD,Android,120,0,5.118239609541779,2,30,0,1,2,1.0
50.0,60,UK,Tablet,200,1,9.247026678255036,5,60,50,1,0,0.0
51.0,30,IN,Tablet,10,20,0.8805616309815976,5,10,100,,2,1.0
52.0,18,BD,Android,-10,10,3.268878678191042,3,,0,,5,0.0
53.0,35,PK,Web,120,1,2.471638893954183,2,60,10,,2,1.0
54.0,,,,,0,2.762393209824115,1,5,10,,10,
55.0,60,US,,60,1,9.130128242854065,,10,100,1,1,0.0
56.0,35,BD,Tablet,-10,20,4.946656015225757,8,,10,,1,1.0
57.0,25,IN,,20,1,4.929844422928278,8,300,50,,0,0.0
58.0,45,PK,Android,20,10,,,5,5,,0,1.0
59.0,45,,Android,30,5,1.9676759380467952,3,,20,,5,0.0
60.0,,IN,Tablet,5,20,5.129020863950482,2,30,0,,,1.0
61.0,35,,Tablet,,0,,2,,20,1,5,1.0
62.0,45,IN,Tablet,-10,10,6.1706515601932335,5,5,5,1,10,0.0
63.0,25,PK,Web,-10,1,9.995798180879166,1,30,5,,0,1.0
64.0,,IN,,120,1,7.809764493779447,10,60,50,0,0,0.0
65.0,25,PK,Tablet,200,5,4.279724178665559,2,5,10,1,5,1.0
66.0,,BD,iOS,120,0,8.361753996603447,,1,10,1,5,1.0
,35,,iOS,,0,2.121729451468562,10,300,5,,5,0.0
68.0,60,PK,Android,20,2,0.7894050199351212,8,1,50,,1,1.0
69.0,50,US,,20,0,2.4422595384105943,10,-5,50,1,2,1.0
70.0,70,PK,Tablet,20,5,3.733909783085467,1,10,100,1,2,0.0
71.0,60,PK,iOS,20,,5.350517195865819,,120,,0,0,1.0
,40,,,,2,6.343726835141398,1,300,0,1,,0.0
,25,BD,Android,30,2,9.150754313537007,10,1,,1,5,0.0
74.0,40,,Web,200,1,5.343613090729348,3,120,10,,0,0.0
75.0,60,US,,,1,5.2621186239444295,2,300,5,1,1,1.0
76.0,,,,200,0,0.9773085933183303,,120,100,,10,1.0
77.0,70,UK,Web,,2,0.8316597502341262,3,30,20,1,,0.0
78.0,70,BD,,20,1,5.736019638205534,10,1,10,1,1,
79.0,18,BD,Android,30,5,4.662696825859273,2,,0,1,0,0.0
80.0,70,UK,Android,-10,1,8.472213752312836,5,30,50,0,2,1.0
81.0,50,,Web,120,20,2.026456054762529,3,300,5,,5,0.0
82.0,70,PK,Tablet,60,20,0.7372307901119712,3,300,10,0,,0.0
83.0,60,,iOS,30,1,4.765868295336196,10,5,,1,,1.0
84.0,18,IN,Tablet,-10,2,2.756046289146446,8,1,0,0,,0.0
85.0,60,US,,5,,0.9713365467189558,10,-5,,,,0.0
86.0,60,IN,iOS,,,7.383683725052475,3,-5,100,1,1,1.0
87.0,30,UK,Web,5,2,1.560133499593851,2,300,10,0,0,0.0
88.0,18,BD,Web,-10,10,6.279035250073831,8,-5,20,0,0,0.0
89.0,60,,iOS,30,,3.169972626585447,10,10,0,,,1.0
90.0,30,BD,Android,,,2.1482124783727095,,5,,0,,0.0
91.0,30,US,iOS,60,5,4.107639467733516,10,300,0,,0,0.0
92.0,18,BD,,20,2,8.113734874118059,3,-5,20,1,,0.0
93.0,40,,Android,,0,4.224888980593441,3,1,50,1,0,0.0
94.0,,US,Web,,20,,5,,50,0,5,0.0
95.0,50,,iOS,30,5,1.6921198195919316,10,30,100,1,10,0.0
96.0,,,Tablet,30,5,7.841328486818251,3,30,10,1,,0.0
97.0,,US,Tablet,-10,2,2.7508665866131623,,10,20,0,2,0.0
98.0,,,,10,5,6.9352347339442915,1,120,100,1,2,1.0
99.0,70,UK,Tablet,,2,5.874924770989465,8,1,,0,,0.0
100.0,60,BD,iOS,120,,9.32687481351103,1,120,,,1,0.0
101.0,25,,iOS,,1,4.179563920765483,8,5,,,10,1.0
102.0,18,BD,Tablet,-10,20,1.1285692939271843,,,0,,1,0.0
103.0,50,UK,,200,10,0.6819771127369025,10,5,50,0,2,0.0
104.0,50,,,5,,8.355156329241154,5,300,100,0,5,0.0
105.0,60,,Android,20,20,5.4849885577836055,3,1,50,1,,0.0
106.0,40,PK,,10,2,7.864818492432018,3,300,5,1,0,
107.0,30,PK,,60,20,2.7270432001093896,3,60,,,2,0.0
108.0,60,PK,iOS,60,,3.7782955823757205,10,-5,,1,10,1.0
109.0,45,,Android,60,2,0.7859867860075299,8,30,50,1,2,1.0
110.0,30,,iOS,30,1,9.634177083454066,,300,5,0,10,1.0
111.0,18,UK,Web,60,0,6.844745113657727,3,120,0,0,10,1.0
112.0,30,BD,iOS,20,0,9.36544833371341,1,60,100,,,1.0
113.0,40,UK,iOS,5,20,3.0222158705761872,3,30,5,,10,0.0
114.0,30,UK,iOS,60,0,6.308904306643778,10,300,100,,1,0.0
115.0,18,,Android,,2,6.945749698780059,,60,,,5,0.0
116.0,40,PK,,,5,3.51672215244709,5,60,100,0,2,0.0
117.0,,IN,Android,30,2,8.557037732648485,,1,,0,5,0.0
,50,BD,Tablet,20,5,9.498033897552354,1,5,5,,0,1.0
119.0,50,,Web,,1,8.90612361811204,3,60,,1,2,1.0
120.0,70,PK,Android,10,10,7.521136271424039,3,10,10,1,5,0.0
121.0,,,Tablet,-10,5,3.1359144573870634,2,5,,,5,0.0
122.0,,IN,Android,5,0,3.1753524000035016,8,30,50,1,,
123.0,30,IN,,,2,9.65192304423736,1,30,,0,,1.0
124.0,50,,,200,,0.5977027113890743,,30,0,,0,1.0
125.0,,US,,-10,0,7.302474745800373,,30,100,,10,
126.0,35,BD,,120,1,,5,10,20,1,2,1.0
127.0,35,IN,Android,,10,6.415550639023076,8,300,5,,,0.0
128.0,40,,iOS,20,,9.906034037825226,1,,50,1,2,1.0
129.0,50,,Tablet,30,2,3.4628546397553897,3,,,1,0,1.0
130.0,50,PK,iOS,120,20,3.7297327060358576,,,,,,0.0
131.0,35,,iOS,-10,2,1.2499243279922778,1,5,10,1,,1.0
132.0,50,US,Android,60,10,4.706582297165506,3,5,0,1,10,1.0
133.0,30,BD,,20,2,2.9799609992310567,8,60,10,1,2,0.0
134.0,45,UK,Android,120,20,3.76217367068762,3,300,20,1,2,1.0
135.0,25,,Android,30,5,8.428432007428462,5,,5,,,0.0
136.0,,,,,1,9.38710287851121,,300,100,0,10,1.0
137.0,70,PK,Android,20,20,2.264464184049263,10,60,5,0,,0.0
138.0,40,IN,,30,0,4.038834849757926,3,120,50,1,0,0.0
139.0,45,IN,,200,10,,5,10,5,1,2,
140.0,35,PK,Android,200,5,1.087180376547615,10,60,0,1,5,1.0
141.0,,,Web,30,0,1.377425017058096,,-5,20,,10,0.0
142.0,50,IN,Tablet,,0,2.046514397459179,,1,10,1,1,
143.0,70,,iOS,20,10,6.15452192420531,8,1,20,,0,1.0
144.0,50,BD,,120,5,1.929486574556976,,,100,,5,1.0
145.0,18,,Tablet,10,,9.696725623781969,,60,5,,2,0.0
146.0,18,,Web,-10,0,4.743788008955943,1,60,100,0,1,0.0
147.0,70,US,iOS,10,0,5.264420623326581,5,1,10,1,0,0.0
148.0,70,IN,iOS,200,5,2.8432568501513615,5,,100,1,10,1.0
149.0,35,,,,2,4.9741223981299685,,1,50,1,1,1.0
150.0,70,,,5,0,,2,60,20,0,,0.0
151.0,30,BD,Web,-10,1,7.6361828010634065,,,10,0,1,0.0
152.0,50,BD,,200,5,7.661746785744174,,30,10,0,5,1.0
153.0,45,,Web,120,0,5.9899655705938395,10,-5,,0,0,1.0
154.0,60,PK,Android,120,10,9.091417862441643,2,,10,,5,1.0
155.0,70,,Android,120,20,8.26537454940804,,10,,0,5,1.0
156.0,40,PK,,,1,7.691957089636942,,30,0,,2,0.0
157.0,18,,Android,10,20,1.028252455964376,,5,,0,10,
158.0,30,UK,Tablet,5,20,0.5653406410866685,3,1,20,1,1,1.0
159.0,,,iOS,120,0,2.518249133356993,,-5,,1,0,0.0
160.0,60,,,-10,1,,2,1,,1,,0.0
161.0,45,,,20,1,4.406376144384185,5,1,10,,10,1.0
162.0,60,UK,Tablet,5,2,4.322859463343462,,30,20,,10,0.0
163.0,70,PK,,,20,8.903575438181331,,120,,0,0,1.0
164.0,35,PK,Android,5,1,9.007847057252468,,,,1,10,1.0
165.0,18,BD,Android,20,2,,10,1,10,,2,0.0
166.0,,US,Android,-10,5,3.4818417268927595,,,50,1,10,
,,,Android,20,2,,8,60,50,,2,1.0
168.0,35,IN,Web,30,10,3.0805152221065115,1,-5,,,,0.0
169.0,50,PK,Tablet,-10,,2.3107934142072732,2,300,50,0,1,1.0
170.0,25,,iOS,5,0,2.2540083448000074,8,30,5,0,5,1.0
171.0,30,,Web,120,5,3.7500223982041434,10,30,10,,2,
172.0,18,PK,Web,5,,4.584597387908306,5,120,5,0,,0.0
173.0,40,US,iOS,5,,8.39401712502315,1,120,20,,1,1.0
174.0,18,US,iOS,-10,5,1.6389653879907649,8,,5,,10,1.0
175.0,60,UK,Android,30,10,7.481795550251495,1,60,20,1,0,1.0
176.0,18,,Web,5,2,5.5488216847984,2,-5,,0,0,0.0
177.0,,UK,,,0,3.2354807554219285,10,60,,0,2,1.0
178.0,25,,iOS,60,2,5.181786053061834,,,20,0,,1.0
179.0,25,,iOS,60,1,3.349449662881715,5,120,100,1,5,1.0
180.0,45,,Tablet,5,2,6.162778574763907,10,,5,1,10,0.0
181.0,50,IN,,120,5,4.62151726712482,1,10,100,1,2,1.0
182.0,40,,,,0,2.061852526249348,8,1,,0,0,1.0
183.0,18,IN,iOS,,2,1.607539208279119,2,1,10,0,,0.0
184.0,18,,Android,-10,0,5.693608979685236,2,10,5,0,10,0.0
185.0,30,BD,Tablet,60,0,9.072923816217983,10,60,10,1,,1.0
186.0,25,,,5,1,3.7675980222980128,,,10,1,,1.0
187.0,40,UK,iOS,,1,7.46350101861492,8,,20,,1,1.0
188.0,,PK,,5,5,6.757282871927786,,-5,5,1,10,0.0
189.0,45,UK,Tablet,-10,10,9.34977168594007,,10,10,,1,0.0
,50,,Tablet,60,,8.299319664341837,8,,50,,1,1.0
191.0,35,US,Web,20,0,5.882749959601898,1,120,10,1,1,0.0
,50,UK,iOS,200,10,6.741789733224019,10,,50,,2,1.0
193.0,60,US,Tablet,200,,9.03467143254833,10,30,5,0,0,1.0
194.0,18,IN,Web,,,4.29542845357588,3,30,,0,,0.0
195.0,45,IN,Web,200,5,3.604549705648885,10,5,100,0,2,1.0
196.0,60,BD,,20,,0.6027052945343652,2,60,5,1,0,0.0
197.0,40,,,5,,8.35223520481891,1,-5,100,0,,0.0
198.0,35,UK,Web,-10,0,8.109316653831966,8,300,100,,10,1.0
199.0,25,US,,20,0,1.4923179219514382,10,300,5,1,,0.0
200.0,45,PK,Tablet,-10,20,5.980145120760652,1,120,10,0,,1.0
201.0,45,IN,Android,-10,10,4.907826132585431,10,10,0,1,,0.0
202.0,18,,Tablet,60,2,1.6277364073365588,8,60,10,,5,1.0
203.0,70,IN,Web,5,,9.815398157076874,5,1,10,,10,1.0
204.0,45,PK,Web,200,2,,8,300,,,2,1.0
205.0,30,,Tablet,60,10,1.138724710860331,8,,20,0,2,0.0
206.0,35,,,,1,6.1510501052681406,8,1,,,0,1.0
207.0,35,US,,,2,7.51923343276381,10,5,10,0,2,
208.0,30,US,Web,200,20,,3,10,50,1,1,0.0
209.0,,UK,,200,1,6.75781756790671,,10,,0,,0.0
210.0,30,UK,,5,0,5.556772821538817,2,-5,,1,2,0.0
211.0,30,,Tablet,30,2,1.4810175843129598,2,300,20,0,0,0.0
212.0,35,,,10,1,2.1389768309904396,1,120,10,0,,1.0
213.0,50,BD,Tablet,10,20,5.895755824502765,3,30,,,1,0.0
214.0,35,IN,Web,10,,3.3153973283762395,1,,0,,0,1.0
215.0,70,UK,,30,1,9.413999422187503,2,1,50,,5,1.0
216.0,18,US,Tablet,5,,8.278032180098482,,5,5,0,,0.0
217.0,60,PK,Web,30,20,9.843888461879798,2,30,10,0,,1.0
218.0,50,US,iOS,10,,2.9668729700289327,5,10,,0,,1.0
219.0,25,IN,Tablet,60,2,9.712374511580782,8,,10,1,10,0.0
220.0,60,,iOS,20,5,4.5967217630198,,60,100,1,2,1.0
221.0,18,US,iOS,-10,2,3.801428555480669,2,300,50,0,5,0.0
222.0,70,BD,Android,30,,0.9783205062088558,10,5,20,,2,0.0
223.0,70,IN,,5,10,1.001269949666225,10,60,20,,5,0.0
224.0,25,,Tablet,5,20,7.07410693149322,1,120,20,,,1.0
225.0,50,PK,iOS,20,2,4.850325447123265,,300,5,0,1,1.0
226.0,,,Android,,1,2.651955447343004,1,1,,,0,1.0
227.0,30,,Web,200,20,6.33271791008971,8,300,50,0,0,1.0
228.0,50,BD,Tablet,10,0,2.902152123376056,,30,50,1,1,0.0
229.0,,IN,,,,5.987501666272014,5,-5,20,,5,0.0
230.0,70,PK,,10,2,3.912483096335558,3,30,20,1,10,1.0
231.0,35,BD,Android,20,20,8.32374615281228,1,120,100,,5,0.0
232.0,18,,,10,2,8.296613527284403,8,,0,0,0,1.0
233.0,25,BD,,20,20,5.034828782162813,1,,0,0,10,0.0
234.0,18,IN,iOS,120,1,3.832781538682648,8,30,10,0,2,0.0
235.0,40,UK,Tablet,,0,3.9443180673113982,2,-5,10,0,10,0.0
236.0,40,BD,Tablet,,0,8.154287993848069,1,,50,,5,0.0
237.0,50,,Tablet,200,10,3.617705086577314,2,30,,1,1,0.0
,70,BD,Android,20,20,2.4860640502150373,1,10,5,0,2,1.0
239.0,70,,Tablet,30,2,1.304539247815415,3,-5,5,,5,1.0
240.0,,,,120,0,,5,60,0,1,2,0.0
241.0,30,PK,iOS,60,,5.080254939738498,10,5,10,0,10,1.0
242.0,30,,Web,10,0,8.488632748827618,10,,,1,0,0.0
243.0,,US,,120,5,2.6017676162376078,10,10,0,0,5,0.0
,60,IN,,20,5,4.119417099849799,,5,10,1,1,0.0
245.0,45,IN,Tablet,-10,0,8.179854519490064,,1,,1,10,0.0
246.0,60,UK,Android,10,20,8.324424302115247,8,-5,5,0,5,1.0
247.0,18,UK,iOS,5,10,4.153805221798298,10,10,100,,1,0.0
248.0,60,IN,Android,,0,4.861678221223468,3,300,100,1,5,1.0
,35,,iOS,20,1,,10,,100,0,10,0.0
250.0,,UK,iOS,5,,9.359271344983465,1,1,,1,5,0.0
251.0,60,PK,Android,200,10,1.6271157745450129,2,,20,1,2,1.0
252.0,35,,,60,1,9.370619518513966,,-5,20,,10,0.0
253.0,45,IN,iOS,60,10,,1,10,,1,5,0.0
254.0,60,UK,Android,5,1,5.549935450523947,,120,50,1,0,1.0
255.0,35,IN,iOS,,2,0.8102610774527108,1,10,5,0,5,1.0
256.0,30,US,Web,,2,5.018163822309079,1,30,5,0,2,1.0
257.0,70,BD,,-10,5,4.373606997525957,5,1,,,1,0.0
258.0,30,,Tablet,,20,2.0315787137636643,5,60,,1,1,0.0
259.0,70,,iOS,120,1,6.735891233256241,8,1,50,1,1,1.0
260.0,25,BD,Web,60,5,9.725933619998715,2,1,0,,0,1.0
261.0,25,UK,Tablet,120,1,5.840793705112989,3,300,,,2,0.0
,25,BD,Tablet,10,5,7.290156126217485,3,120,100,1,,0.0
263.0,45,,iOS,30,2,1.1502792993771593,3,5,,,,1.0
264.0,30,IN,Android,20,10,4.46783646026145,1,5,100,,,1.0
265.0,70,US,iOS,200,,1.6054056090627107,5,300,20,0,5,1.0
266.0,35,,Web,,5,6.321560437596849,2,1,100,0,0,1.0
267.0,18,UK,Tablet,60,1,9.41558050303447,1,5,0,,2,0.0
268.0,35,IN,iOS,120,1,6.786888458480566,,-5,100,0,2,
269.0,18,,Android,10,,1.2296289589870044,5,120,100,1,10,
270.0,40,UK,iOS,20,20,3.869328947358287,5,5,10,,2,0.0
271.0,35,PK,,20,2,5.73130210468809,10,300,100,0,10,1.0
272.0,60,BD,Android,,1,4.330473683265896,10,30,10,1,0,0.0
273.0,60,,Web,200,0,8.419618099514137,2,5,5,1,0,1.0
274.0,50,,Tablet,-10,10,,,120,50,0,5,0.0
275.0,30,PK,iOS,,5,6.312394690980604,2,,100,1,10,0.0
276.0,18,IN,Android,120,20,4.0478504787607,2,,5,,,0.0
277.0,18,US,,,,2.9256955507508193,1,,,0,1,1.0
278.0,30,UK,Android,5,10,1.5058060230247285,8,10,,1,1,0.0
279.0,45,BD,,-10,2,3.8715279931222635,2,10,10,1,5,1.0
280.0,50,UK,Web,,20,4.425138913473336,10,5,100,0,0,1.0
281.0,45,,Tablet,10,,6.920317788488699,8,60,100,0,,0.0
282.0,45,IN,Web,-10,5,,,30,0,0,1,
283.0,,UK,iOS,60,,1.166027326591941,8,300,5,0,2,0.0
284.0,30,BD,,200,0,,3,30,20,,0,
285.0,45,,,30,,2.226899238564938,,,20,0,,0.0
286.0,60,UK,,60,2,1.989720700509654,8,5,0,,2,1.0
287.0,25,US,Android,-10,20,8.359370422503837,2,120,10,,10,1.0
288.0,40,,Android,5,20,0.8981945588044465,1,300,20,0,0,0.0
289.0,18,IN,iOS,5,,,,30,20,,5,0.0
290.0,18,,Web,30,0,2.097934729781923,2,120,,0,10,0.0
291.0,40,IN,,20,0,8.853637048945503,,300,,0,10,0.0
292.0,30,US,iOS,10,20,5.791884876112833,10,,50,1,2,1.0
293.0,35,,Web,20,20,2.6981160455800564,3,-5,5,0,10,1.0
294.0,30,PK,iOS,5,10,5.273059228080576,10,,10,1,1,1.0
295.0,18,BD,,5,10,7.4491204171796,2,1,100,,0,1.0
296.0,18,PK,Android,120,10,9.602121084734621,2,300,5,1,1,0.0
297.0,40,UK,Android,60,0,2.59423704033148,2,,10,,2,1.0
298.0,45,US,Web,-10,1,8.918726835228778,5,60,20,0,,0.0
299.0,30,PK,Tablet,10,5,9.375889084591158,3,5,50,,2,1.0
300.0,70,IN,Web,30,10,9.20599517305463,,120,,,0,0.0
301.0,40,,Tablet,-10,1,6.536436390188143,2,300,20,0,10,0.0
302.0,60,UK,iOS,120,,6.483296217129723,2,,10,,5,0.0
303.0,18,PK,iOS,5,2,4.330501015246316,,5,,0,2,0.0
304.0,40,PK,,30,10,7.6477798818859855,10,1,100,1,0,0.0
305.0,30,US,,5,,5.547293174333853,10,30,5,0,5,1.0
306.0,18,BD,,10,5,6.935661676668797,2,300,20,0,10,0.0
307.0,35,PK,Android,60,2,,1,,5,,,1.0
308.0,40,,Tablet,-10,2,7.449216408409821,5,10,100,1,2,1.0
309.0,50,PK,Web,-10,5,8.332479417243217,10,300,50,0,,0.0
,18,,Android,20,10,1.8911444377267532,1,,50,1,0,1.0
311.0,30,IN,Android,30,0,8.412832297955166,5,300,20,1,,1.0
312.0,25,,Web,120,5,5.632817052007919,,5,10,,,1.0
313.0,70,,Android,20,,8.52432613635713,3,120,20,,0,0.0
314.0,,,Tablet,10,5,4.597366210239639,8,5,50,,0,0.0
315.0,,,,120,2,,8,120,0,0,2,0.0
316.0,,UK,Android,60,1,9.193076958913613,2,10,0,1,,0.0
317.0,30,BD,Tablet,60,,2.886108041709812,10,5,5,0,5,1.0
318.0,60,,iOS,60,0,8.52001709021836,1,120,100,,0,1.0
319.0,60,US,Tablet,60,10,5.098195438839339,,5,,1,10,1.0
320.0,25,,,20,10,5.383906704236967,,60,,1,,
321.0,45,US,Tablet,200,,,5,5,,,0,1.0
322.0,50,PK,Web,120,1,5.943900905880649,2,10,5,,5,1.0
323.0,25,PK,,30,5,3.5895063646240075,3,10,0,0,2,0.0
324.0,,US,iOS,10,0,0.873059435295697,3,120,50,1,,1.0
325.0,25,PK,Web,,10,3.0839867507713823,10,120,5,,0,1.0
326.0,,BD,Tablet,5,,0.5606009123626114,5,10,,1,0,1.0
327.0,18,,,30,20,9.794370477040138,3,10,,1,10,0.0
328.0,60,PK,iOS,5,,9.6745984932876,10,1,20,,10,1.0
329.0,18,UK,Web,120,10,4.253975325986898,1,300,,,,1.0
330.0,70,PK,iOS,30,5,7.419523116226637,10,-5,100,1,0,0.0
331.0,45,,Tablet,60,20,,1,5,,1,,1.0
332.0,50,BD,iOS,60,1,6.875384992316772,1,30,20,1,0,0.0
333.0,,IN,Android,,0,8.151585408936802,,300,,1,10,0.0
334.0,50,IN,Web,5,1,9.494184324576286,,-5,100,1,5,1.0
335.0,,UK,iOS,10,1,4.302016620571884,3,1,50,1,1,1.0
336.0,30,BD,Tablet,120,,,10,30,5,1,1,0.0
337.0,25,BD,Tablet,60,0,3.0263202810051286,,120,100,1,0,1.0
,70,BD,iOS,200,0,9.90815688603966,1,,20,0,10,1.0
339.0,60,BD,Tablet,20,10,0.7448111882613359,,60,5,0,2,
340.0,,BD,,20,10,6.233523661760649,5,,5,1,2,0.0
341.0,50,UK,,10,0,6.765306825687608,3,10,20,0,1,1.0
342.0,70,PK,,20,20,7.036432792204224,10,60,0,,5,0.0
343.0,35,IN,Android,5,2,1.6436819984963456,10,-5,,0,1,1.0
344.0,35,BD,iOS,60,10,9.41603294299474,8,120,100,1,0,1.0
345.0,18,,Android,60,2,2.2212411509757866,10,30,20,1,5,1.0
346.0,60,PK,Tablet,200,,6.41615733077849,3,-5,50,0,2,1.0
347.0,30,PK,Android,,20,2.615422751669307,5,10,10,1,10,0.0
348.0,50,IN,Tablet,20,0,3.4185559617020735,10,10,20,,10,1.0
349.0,25,UK,Tablet,5,20,5.691356146417181,8,30,,,0,0.0
350.0,25,US,Web,-10,10,4.463337476363477,3,,,1,1,1.0
351.0,50,US,,20,,2.02214320927681,1,60,5,,0,1.0
352.0,45,,Tablet,10,,2.1238958229980587,2,,5,,10,0.0
353.0,30,,Web,30,0,4.472375487546596,2,120,20,0,2,1.0
354.0,,,,20,5,7.694188293617257,1,10,10,,10,0.0
,,IN,Tablet,5,,9.030664145053992,,-5,20,0,5,0.0
356.0,45,US,Tablet,20,2,,10,,10,1,,1.0
357.0,,PK,Android,10,20,4.234487121814309,2,,10,0,10,1.0
358.0,,UK,Android,-10,0,1.452332855367328,,30,,1,10,1.0
,45,US,,120,,0.6576285660096799,2,120,,1,,1.0
,18,PK,Tablet,,20,6.786327485117588,1,1,,1,5,0.0
361.0,35,PK,iOS,-10,0,6.223269698682584,10,30,50,1,1,1.0
362.0,,BD,,20,,2.0486815812414187,10,-5,,1,10,1.0
363.0,45,UK,,60,,2.721221914384109,,,100,0,0,1.0
364.0,45,BD,Tablet,200,10,0.7252236596229247,1,10,5,1,10,1.0
365.0,40,,Tablet,60,,8.431998454096835,,1,5,,,1.0
366.0,18,BD,iOS,-10,10,9.759560662461238,10,,10,,,0.0
367.0,60,,,60,20,1.7868655995495626,10,5,5,1,,1.0
368.0,40,BD,Tablet,5,5,2.699014530770332,3,,0,,,0.0
,40,,Android,60,,8.749890477495873,,30,10,0,5,
370.0,50,US,iOS,30,,9.301406080583757,3,5,5,0,1,
371.0,35,,,120,10,4.486460136664698,1,30,0,1,10,1.0
372.0,45,PK,iOS,20,,0.9809134865562041,5,120,50,,0,
373.0,35,,,60,,0.8742224200817843,2,300,5,1,0,1.0
374.0,30,UK,,10,10,5.952523727655599,3,10,0,,10,0.0
375.0,50,BD,iOS,120,1,4.2325035344852004,2,10,20,,,0.0
376.0,,,Web,120,10,0.7721980619877179,8,-5,100,0,1,1.0
377.0,35,UK,Android,60,20,6.040897726969289,1,60,20,,1,0.0
378.0,25,,Android,120,5,0.6073740975957135,5,30,0,0,1,1.0
379.0,,,Android,200,1,7.980033602418093,,300,10,,0,1.0
380.0,30,BD,Web,60,20,3.41111181568203,8,300,,0,5,0.0
381.0,18,IN,Web,5,20,0.882451028587705,10,,,1,,1.0
382.0,60,BD,Tablet,-10,20,6.089346099339957,8,,,,1,1.0
383.0,30,US,iOS,30,0,4.27800193711402,1,60,10,0,0,0.0
384.0,,,,,20,9.75110392689292,3,-5,5,,0,0.0
385.0,50,PK,iOS,120,0,5.6698872937851705,1,1,,1,,0.0
386.0,,IN,Web,5,20,3.1147722198515786,3,,20,0,,0.0
387.0,40,BD,Web,20,2,7.2396692140227605,8,-5,10,,10,0.0
,,UK,Tablet,20,1,3.0791740241557575,,120,10,,1,0.0
389.0,40,IN,,30,2,9.090311268371869,5,10,,1,1,1.0
390.0,50,,,120,20,4.059858719820076,3,10,20,1,,0.0
391.0,70,IN,iOS,,1,5.72375134637395,8,-5,50,0,5,
392.0,40,,Tablet,30,1,0.9804444863301742,10,60,10,,1,1.0
393.0,18,BD,Android,120,,4.548151760546192,2,300,,,5,1.0
394.0,,,iOS,5,5,8.407453626779452,5,60,100,1,0,0.0
395.0,,IN,iOS,-10,2,8.15366365095175,1,,0,1,1,0.0
396.0,18,UK,,200,5,2.6310263091084996,5,30,5,0,0,1.0
397.0,25,,Web,,1,2.6477511746003453,2,5,10,,2,0.0
398.0,45,IN,iOS,20,0,8.26440046602575,3,10,100,,5,0.0
399.0,70,,Web,10,1,9.338784991608593,1,-5,100,0,2,1.0
400.0,60,,Tablet,5,5,1.4059287520935337,1,300,10,0,1,0.0
401.0,40,,Android,20,2,4.77555707454914,3,5,50,1,0,1.0
402.0,18,UK,,60,20,3.7058156501601753,,120,0,,1,0.0
403.0,50,,Web,10,,8.771540326845674,,,5,,2,1.0
404.0,40,,iOS,20,,1.2934866894601784,5,30,10,0,1,1.0
405.0,45,PK,Web,30,,2.505696454301355,8,,5,,,1.0
406.0,50,IN,iOS,200,20,7.648449207071696,,5,20,0,10,0.0
407.0,30,PK,Web,20,,0.987291565321548,5,5,100,0,2,1.0
408.0,,,iOS,,2,5.179086116785748,,,100,,1,0.0
409.0,30,UK,Tablet,,20,4.70001682945734,2,300,10,0,0,1.0
410.0,40,IN,iOS,30,,3.676811200393112,10,300,10,1,1,1.0
411.0,45,,iOS,5,20,4.248436995529776,8,1,20,1,0,1.0
412.0,70,,Android,5,,5.534435575837213,5,120,50,,10,
413.0,40,US,iOS,5,2,2.0329899046896394,10,300,10,0,1,0.0
414.0,18,,,,10,5.933960843694131,10,120,100,1,10,1.0
415.0,35,PK,,-10,0,8.15160712834987,,120,5,1,2,0.0
416.0,,IN,Android,20,,7.721528833006511,3,5,0,1,0,0.0
417.0,,PK,Tablet,120,0,1.96204909459085,2,120,,1,,0.0
418.0,,IN,Android,20,20,1.917869962544002,2,30,5,0,2,1.0
419.0,,,,60,0,3.0476564935766763,2,,50,0,0,0.0
420.0,,BD,Tablet,200,,3.9302099002398534,8,1,0,0,10,1.0
421.0,35,,Web,10,2,4.380328023380585,1,-5,5,0,5,1.0
,18,,Web,120,1,6.95712355991678,8,60,5,,1,1.0
423.0,40,PK,Android,120,,1.0384641055754362,5,1,20,,10,0.0
424.0,50,US,Android,20,,0.8293906901476307,10,30,,,0,1.0
425.0,,US,,120,0,4.2231503479671355,10,1,50,1,0,0.0
426.0,,,,60,10,7.123055075310814,1,120,100,1,0,0.0
427.0,45,IN,iOS,10,1,2.3376357580865843,5,5,20,,0,1.0
428.0,40,PK,,,1,6.594292571934391,1,60,,,1,1.0
429.0,,UK,iOS,-10,2,2.968367310432845,10,300,,1,,
430.0,25,PK,Tablet,20,10,8.917818033728405,,5,100,1,,0.0
431.0,35,IN,Android,-10,20,,8,120,20,0,5,0.0
432.0,,,Tablet,,0,3.3242284406726017,2,120,,,1,1.0
433.0,,,,20,1,2.684940662650785,10,60,50,,0,1.0
,30,US,Tablet,20,10,4.4073877346291965,3,60,10,1,1,
435.0,,,,10,,2.7850500592114127,2,10,10,,10,0.0
436.0,18,,Tablet,-10,10,6.887646511271185,10,5,0,0,,1.0
,60,BD,,,0,8.347614503208712,8,300,10,0,0,0.0
438.0,40,US,Tablet,-10,10,6.894375243656562,1,1,20,,5,0.0
439.0,35,UK,iOS,200,10,8.331329248868819,,120,0,0,0,0.0
440.0,60,,,200,10,4.271425540971004,,120,100,1,,
441.0,50,BD,Tablet,20,,1.9850112217341782,2,10,50,,5,0.0
442.0,25,UK,,5,1,7.510534000277126,,5,0,1,,0.0
443.0,18,IN,Web,,0,3.924507798844762,,5,100,1,5,1.0
444.0,35,BD,iOS,,,6.877072839676758,,,0,0,2,0.0
445.0,60,UK,Tablet,60,10,3.071117448826774,5,60,5,1,2,1.0
446.0,25,IN,Web,5,10,1.2716815306633904,3,300,5,,1,1.0
447.0,30,US,Web,60,1,9.929527057133752,2,60,0,1,1,0.0
448.0,18,,,-10,0,,1,300,,1,5,1.0
449.0,18,IN,Web,-10,2,9.88999944265307,,30,10,1,0,1.0
450.0,30,,iOS,60,,9.784159359381249,5,-5,5,1,10,1.0
451.0,40,PK,iOS,,1,8.041271987126375,8,300,,1,10,0.0
452.0,,IN,Android,5,0,6.764518139778977,,60,,,0,1.0
453.0,18,IN,iOS,30,,5.989166977385304,3,120,50,,0,0.0
454.0,18,,Web,20,,8.72796468108943,1,60,100,0,2,1.0
455.0,60,PK,iOS,10,0,3.2496754553851352,8,300,20,,10,1.0
456.0,,,,-10,0,4.942971518606332,8,5,5,,5,1.0
457.0,25,UK,Android,200,20,6.384204708981768,2,60,0,,,
458.0,30,UK,Web,,0,4.406309520760166,,10,10,,1,0.0
459.0,25,IN,Android,10,,4.561121313857546,2,,20,,,1.0
460.0,30,PK,Web,30,0,3.637704341269802,1,120,100,1,2,1.0
461.0,50,PK,,120,2,5.860202258503092,,10,,0,,0.0
462.0,18,,Android,20,10,8.580458016143602,10,300,100,0,0,0.0
463.0,,,Tablet,-10,2,2.414519591059972,,30,5,1,10,0.0
464.0,60,US,Web,20,,9.377113868157693,10,10,100,,,1.0
465.0,,UK,Tablet,10,10,7.046332710608182,8,-5,100,0,2,0.0
,,,Android,20,10,8.321095520460286,2,,10,1,0,0.0
467.0,,BD,Tablet,120,2,5.783811579985111,3,1,,,,0.0
468.0,25,UK,Tablet,10,1,7.905408663528603,,120,10,0,5,0.0
469.0,30,,Android,-10,,0.6539037747249385,3,1,10,0,,0.0
470.0,70,UK,,5,0,8.274614035405584,,60,0,,1,0.0
471.0,50,US,Tablet,200,20,0.8813191613109819,8,300,100,,,1.0
472.0,35,BD,Tablet,10,5,8.954177075447193,2,120,100,0,5,0.0
473.0,,US,,120,0,9.923646098767112,1,5,100,,5,1.0
474.0,40,,Tablet,10,0,3.2936408906793893,1,30,50,1,,0.0
475.0,25,BD,,10,10,2.49802628471504,1,5,10,,0,0.0
476.0,60,IN,Tablet,-10,0,7.770951956651387,,1,20,,,0.0
477.0,35,,iOS,10,20,2.9037502387424055,,10,5,1,,1.0
478.0,70,BD,,200,0,8.722842640135934,3,10,,,5,0.0
479.0,40,,Tablet,20,2,1.4770046254960287,2,300,20,1,2,0.0
480.0,70,,,-10,,1.6965743656039034,,1,,,5,0.0
481.0,35,US,Web,200,2,9.801939773455848,2,,0,0,10,0.0
482.0,,UK,Web,-10,,6.901469533565044,3,120,0,,2,1.0
483.0,40,BD,Tablet,200,0,8.545428632075051,,30,,0,2,1.0
484.0,70,,,120,,3.581129084839421,1,10,100,0,5,1.0
485.0,,BD,,200,20,6.926595620445742,1,10,20,,0,1.0
486.0,30,PK,,,10,6.145297359431673,8,5,100,0,2,1.0
487.0,18,UK,iOS,200,,6.229926141167996,10,5,50,0,10,0.0
488.0,30,,Web,5,2,6.984058365608355,5,60,0,1,,0.0
489.0,35,,,5,1,,10,,0,1,0,0.0
490.0,25,IN,,,0,4.576092508375327,,5,20,1,0,1.0
491.0,18,US,iOS,60,10,3.1212655966151948,2,5,0,0,0,0.0
492.0,50,,iOS,60,,7.801522643675419,,120,50,,2,1.0
493.0,60,,,20,2,2.6495880850302687,2,5,50,1,0,0.0
494.0,50,UK,Android,60,2,7.077365908466935,2,30,50,,5,1.0
495.0,40,BD,,20,10,2.716661815168603,10,120,5,,0,0.0
496.0,18,BD,,,20,6.440636614567312,5,60,,0,10,0.0
497.0,50,UK,iOS,,20,7.597243537725775,8,1,50,0,1,0.0
498.0,50,,iOS,,0,2.5777819446121226,10,120,5,0,10,0.0
499.0,70,,,5,1,1.0694613581824286,5,1,100,1,2,1.0
500.0,30,BD,,200,2,1.7442505584446537,1,10,10,0,,0.0
501.0,70,,,200,1,6.256971189074742,1,60,0,1,0,0.0
502.0,18,BD,iOS,30,20,8.569740859144488,2,60,50,1,5,0.0
503.0,18,BD,,-10,20,0.9274698017365315,3,120,0,1,,1.0
504.0,35,US,,120,5,7.474436960895639,,-5,20,1,0,0.0
505.0,70,US,Tablet,30,,3.7425271365254953,,60,0,0,10,0.0
506.0,45,PK,Android,30,0,5.046019514235464,2,1,,1,2,0.0
507.0,30,,Web,10,5,9.324165723532873,3,60,100,0,1,0.0
508.0,18,UK,Android,10,,3.653729294990532,5,10,5,0,0,0.0
509.0,35,UK,Tablet,30,5,4.920700872425117,1,30,0,1,1,1.0
510.0,70,UK,Web,60,5,0.6299829402264705,,-5,0,0,0,1.0
,30,PK,,-10,0,1.2751878400459644,10,300,0,,2,1.0
512.0,70,US,Tablet,120,0,2.9566201157804484,3,60,10,0,,0.0
513.0,50,,,30,10,0.7645962878002068,5,5,10,0,10,1.0
514.0,35,,iOS,200,1,6.4980655974583845,1,120,20,1,2,0.0
515.0,30,,Tablet,-10,1,4.550784389615414,10,120,5,1,1,0.0
516.0,,,iOS,10,10,5.707379425916209,3,120,0,0,0,0.0
517.0,40,PK,Tablet,200,10,2.159148266015131,2,,0,1,1,
518.0,,,Tablet,10,20,3.311354279647853,2,-5,0,,10,1.0
519.0,30,UK,iOS,10,,6.806332511100889,2,-5,0,,2,1.0
520.0,70,IN,Web,-10,5,9.670375874488798,,1,10,1,1,
521.0,35,BD,Android,10,10,0.9789593492209874,5,60,100,0,1,0.0
522.0,40,,,,2,8.958651048125027,2,300,100,,10,1.0
523.0,35,US,Tablet,,1,,,120,20,,0,1.0
524.0,40,US,,,10,5.857235884178425,,60,,0,1,0.0
525.0,50,PK,iOS,5,2,5.2526460844737235,,-5,50,1,10,1.0
526.0,70,US,,10,2,1.1592438160897423,1,,5,,0,0.0
527.0,50,UK,iOS,120,2,1.3538300914935264,,120,100,0,,1.0
528.0,40,,,120,20,6.208664053761318,5,60,,0,0,1.0
529.0,,,Android,5,20,3.739106428637804,10,-5,0,,,1.0
530.0,,UK,Android,200,2,9.214046632487966,,30,100,1,2,0.0
531.0,50,PK,Android,-10,,4.362610104914987,2,-5,20,,10,1.0
532.0,,UK,Android,10,20,1.8611738576750902,1,5,50,0,0,1.0
533.0,40,,Android,-10,5,7.289828918269342,3,,100,,,1.0
534.0,30,IN,Android,,2,3.2868575036895935,2,,20,1,,1.0
535.0,50,PK,iOS,120,5,5.491967919880985,1,120,10,0,2,0.0
,25,IN,Tablet,60,5,7.129411462299116,8,30,50,1,5,
,70,BD,,,2,9.05250905641967,3,,20,,10,
538.0,,IN,Android,,1,8.025816350615923,8,120,,,5,1.0
539.0,,BD,iOS,5,,6.925430144790879,10,60,100,1,0,1.0
540.0,18,BD,iOS,20,2,6.956515232753864,1,120,10,,10,0.0
541.0,45,IN,iOS,,2,9.486284118304821,8,300,,1,,1.0
,50,,Tablet,10,20,3.3103289262170925,10,300,20,,0,1.0
543.0,60,,,30,2,0.5105648948637804,1,,20,1,10,0.0
544.0,,UK,Tablet,30,1,3.0835683142828874,1,-5,,1,10,0.0
545.0,70,,Web,,20,,8,120,100,0,5,0.0
546.0,25,,iOS,20,0,6.787428558582983,1,120,50,0,0,1.0
547.0,,,Web,20,0,,2,60,10,1,2,0.0
548.0,25,,Android,5,5,6.137883135694876,1,1,0,,2,0.0
549.0,40,BD,Android,120,,0.6543127104898101,5,,5,,0,1.0
550.0,40,BD,Tablet,-10,5,7.423391517281151,10,,50,,0,0.0
551.0,45,PK,,20,1,3.5735389186121695,1,,10,1,,1.0
552.0,,,Web,60,10,6.818031895562996,,-5,,1,1,1.0
553.0,60,IN,,5,,5.787495070770457,1,10,20,1,5,0.0
554.0,18,BD,Tablet,200,0,3.755943791565118,1,1,,1,0,1.0
555.0,45,UK,Android,5,5,1.7784745374890236,8,-5,10,0,0,0.0
556.0,35,PK,,,,1.396979527774569,2,300,,,1,0.0
557.0,18,IN,,-10,1,8.399424164566124,10,60,,,1,0.0
558.0,50,PK,Android,200,1,9.224776649774801,2,300,5,0,10,1.0
559.0,70,IN,Web,200,10,6.672986444260846,3,30,100,,2,0.0
560.0,35,IN,Android,60,10,1.482624091174592,8,,5,1,5,1.0
561.0,35,,,60,20,4.319258560438287,8,5,0,0,10,1.0
,45,BD,Web,60,,7.424922400998994,2,,0,1,0,1.0
563.0,30,PK,Web,5,1,7.908298398095647,,,5,0,1,0.0
564.0,45,PK,Android,,5,1.6230769117653416,8,60,50,,,1.0
565.0,50,,,5,0,0.5002918290311329,2,1,50,1,2,1.0
566.0,,UK,Tablet,30,2,7.265301935865748,8,300,,1,10,0.0
567.0,,UK,,,10,3.8876636718689537,1,30,,0,,0.0
568.0,30,,iOS,,2,2.9175726503734722,2,,20,0,2,1.0
569.0,50,BD,Tablet,60,5,0.6225259630004917,2,120,0,1,,1.0
570.0,30,BD,Web,30,10,5.632844364234247,5,10,20,0,1,0.0
571.0,25,US,Tablet,20,2,8.585931986546827,8,120,0,1,10,1.0
572.0,,,Web,20,,9.597500639589585,,120,5,0,10,1.0
573.0,35,,Web,60,5,5.874577030826248,2,,50,,2,1.0
574.0,60,IN,Tablet,5,0,5.387382613528994,1,5,,0,,1.0
575.0,70,PK,Web,,,1.3080356621477904,1,5,50,,1,0.0
,50,BD,Web,120,,5.714291614654698,10,300,5,0,0,1.0
577.0,18,PK,iOS,200,20,4.109801250171249,1,5,20,0,10,0.0
578.0,30,PK,,,10,6.2677851683939805,8,120,20,1,0,1.0
579.0,70,US,,20,1,4.192900304827194,,60,10,0,,0.0
580.0,18,UK,iOS,10,0,2.782841672778484,5,30,,0,10,1.0
581.0,70,BD,Tablet,20,,1.4021701146695769,2,300,,,10,0.0
582.0,60,PK,Android,,,3.4917252235945093,3,-5,,0,,1.0
,,BD,Android,200,2,1.4181259257336467,5,30,0,1,0,0.0
584.0,45,IN,,,10,2.1805210328278473,,1,20,,,1.0
585.0,40,US,iOS,,1,9.879693506505687,3,1,5,1,5,1.0
586.0,45,,iOS,60,5,4.718983790612877,5,1,20,1,0,
587.0,,BD,Web,30,1,5.552781781797657,1,1,50,1,0,0.0
588.0,40,,Android,10,10,8.799376023003546,8,60,0,1,5,0.0
589.0,45,BD,,,10,9.957904554661534,,30,,,1,0.0
590.0,40,UK,Tablet,,20,6.035787268774475,3,,100,0,1,0.0
591.0,40,PK,Android,120,20,8.21850129991963,,10,,1,10,1.0
592.0,,PK,Android,120,1,,5,300,0,,2,0.0
593.0,30,IN,Android,-10,,3.4045675957492656,8,-5,50,1,,0.0
594.0,30,,iOS,120,1,4.325685349448322,,120,,0,2,1.0
595.0,35,,iOS,5,10,6.888818995399666,3,1,50,,10,0.0
596.0,70,,iOS,30,10,,2,-5,50,,2,0.0
597.0,25,PK,,200,2,3.4947746291697825,5,10,,0,0,0.0
598.0,70,,Tablet,10,20,1.7654942792979726,,-5,50,,0,1.0
599.0,18,IN,Tablet,,2,6.507764436422331,1,30,5,0,5,0.0
600.0,18,IN,Web,-10,0,1.7190956907932629,2,-5,10,,,1.0
601.0,40,,iOS,-10,10,5.995678828178636,2,1,100,,10,1.0
602.0,45,UK,,200,2,7.087510216534936,10,10,50,0,10,0.0
603.0,45,US,,30,1,7.155809215747291,,120,,0,10,1.0
604.0,30,UK,Tablet,10,20,7.657985051266169,1,,20,,0,0.0
605.0,50,US,iOS,20,20,8.792164504873814,2,5,10,,2,0.0
606.0,70,UK,Web,120,5,5.24961042366549,8,1,0,0,,0.0
607.0,,UK,iOS,60,1,7.437367300530926,3,10,10,0,10,0.0
608.0,60,BD,Android,-10,5,6.3821409859754485,2,30,10,,10,0.0
609.0,,IN,,120,2,2.2730794280779842,1,60,,,0,1.0
610.0,60,,Android,120,,0.7440516262593776,2,10,,,,1.0
611.0,40,,Android,5,0,3.203143163930871,3,5,,0,0,1.0
612.0,60,UK,Web,30,1,4.708820210207384,1,5,100,,,1.0
613.0,,PK,Tablet,60,1,6.362506472072234,5,300,10,1,0,0.0
614.0,35,IN,iOS,20,1,8.574613639780452,1,,100,0,2,0.0
615.0,,,Android,,5,2.3643343087085738,5,5,50,,10,1.0
616.0,60,IN,iOS,5,2,1.6927230040355323,1,300,,0,1,0.0
617.0,,PK,Tablet,120,1,9.653059501006112,,300,50,1,1,1.0
618.0,25,UK,Tablet,120,,1.5264233140758676,3,300,,0,10,1.0
619.0,40,UK,,60,1,5.045665166018297,3,10,5,,10,1.0
620.0,70,BD,Tablet,60,20,6.062855423536368,1,300,100,1,10,1.0
621.0,35,,Web,60,0,5.643056998620663,,1,100,1,10,0.0
,45,PK,Android,120,20,1.3173054918129603,2,1,0,,,0.0
623.0,18,US,,-10,20,1.041755683034384,3,60,20,,2,1.0
624.0,70,BD,Web,10,0,1.5020925608798388,5,5,10,,1,1.0
625.0,18,PK,iOS,120,,6.063082996789819,5,,,0,5,1.0
626.0,40,PK,Android,5,2,5.67127643252605,8,300,100,0,1,1.0
627.0,35,BD,Tablet,30,20,2.72053752434907,10,30,0,0,1,1.0
628.0,,UK,Android,20,2,6.55885434753312,,30,5,,0,0.0
629.0,45,PK,iOS,,20,8.290641269528669,10,5,20,,10,1.0
630.0,25,UK,,20,10,0.8950001185426408,10,60,100,0,10,1.0
631.0,30,BD,,120,0,5.232234463706403,5,30,100,1,10,0.0
632.0,40,UK,,5,20,7.048448914975558,8,1,10,0,0,0.0
633.0,70,IN,,120,10,2.8969633071620273,,-5,,1,2,0.0
634.0,25,US,Web,30,5,3.4238236002849165,10,10,20,,2,0.0
635.0,,,Web,-10,10,6.329560078399147,1,120,5,,5,0.0
636.0,60,PK,Android,,1,9.0303852877155,1,30,50,0,2,0.0
637.0,25,,,30,20,8.194281992877544,1,,0,0,,0.0
638.0,40,US,,120,10,6.039737081446043,2,300,10,,10,0.0
639.0,50,,,5,2,7.437106318693868,,,100,0,,0.0
640.0,60,UK,iOS,30,5,3.9658134669740877,2,10,50,,1,1.0
641.0,18,PK,iOS,200,,6.5891725169381985,8,1,5,,2,0.0
642.0,45,UK,,5,20,4.928725115711791,,60,20,1,2,1.0
643.0,18,IN,,-10,1,2.3043932963468285,5,10,0,0,0,1.0
644.0,25,BD,Tablet,120,,7.166513601833943,10,120,10,,5,1.0
645.0,18,PK,Web,60,10,5.786414054813809,5,-5,100,0,,1.0
646.0,,,iOS,,,3.9069050285591183,,30,100,1,0,1.0
647.0,,,Web,,,9.157722305746992,1,60,50,1,10,1.0
648.0,70,IN,Tablet,60,5,0.698874119353966,10,60,50,0,1,1.0
649.0,45,,,120,,3.499844936870212,3,30,0,0,5,1.0
650.0,18,PK,Web,200,,1.0403732788876423,2,30,20,,0,0.0
651.0,18,UK,,60,,7.782009504105458,2,30,5,1,2,1.0
652.0,25,,,,5,7.170020814081029,10,30,,1,2,1.0
653.0,70,,Android,5,1,3.6478460779950117,,30,20,1,5,1.0
654.0,30,,Web,200,10,6.918797570967194,1,60,20,0,2,1.0
655.0,18,IN,Web,200,5,4.261403648861524,2,5,20,,0,0.0
656.0,40,US,,30,5,7.684411018513126,1,5,,0,0,1.0
657.0,,IN,Tablet,,0,4.814744795998708,8,,0,0,2,0.0
658.0,45,,Android,,5,4.416657414400823,5,5,,0,2,0.0
659.0,18,UK,,30,,9.379934197138859,,120,0,,10,1.0
660.0,,UK,iOS,200,10,2.883351448961652,3,5,,0,1,1.0
661.0,40,,iOS,30,,1.6442497299673715,5,60,5,1,5,0.0
662.0,45,,Android,20,20,6.053159575964853,5,30,20,1,0,1.0
663.0,30,IN,Tablet,,20,9.708557216699699,8,300,0,1,5,1.0
664.0,40,UK,,-10,10,4.089472530408273,,300,,,10,0.0
665.0,50,,Web,5,10,1.0893492544734245,3,120,5,0,0,0.0
666.0,40,PK,Android,200,2,3.723400039440891,2,60,,,10,1.0
667.0,40,BD,Tablet,,,5.306350716035805,10,1,100,0,10,1.0
668.0,40,BD,Web,-10,10,2.03826856300603,5,10,5,1,,1.0
669.0,,,iOS,-10,,6.7519710715366745,10,,20,0,2,0.0
670.0,,,iOS,120,20,9.978619195596906,1,1,10,0,,1.0
671.0,,IN,Web,30,1,4.791525021823716,5,60,20,0,5,0.0
672.0,18,US,Android,,20,3.8699212889370203,2,5,10,,5,0.0
673.0,,UK,iOS,20,0,4.306689584927433,5,30,5,0,2,1.0
674.0,70,PK,,,20,1.5938886947544109,1,1,100,0,,0.0
675.0,18,,Web,10,2,8.891099213549126,8,10,100,0,5,1.0
676.0,30,PK,Web,10,,4.440843727452844,10,300,0,,,
677.0,35,,iOS,200,10,4.179106908535992,,10,100,,2,0.0
678.0,18,,Android,30,,6.767057592839506,,30,50,,0,1.0
679.0,18,IN,,-10,10,4.699317498845674,5,5,5,0,10,0.0
680.0,60,BD,Android,,20,6.658217953674537,2,10,0,1,10,0.0
681.0,25,IN,,200,,1.0837397562424813,8,,,1,,1.0
682.0,60,,Tablet,60,1,8.230371765361161,5,10,5,1,5,
683.0,50,,iOS,-10,2,9.434787552354324,5,60,20,0,,1.0
684.0,,US,iOS,30,0,6.663271168514166,2,5,100,1,,1.0
685.0,,,iOS,10,20,9.568376324158702,2,30,,1,1,0.0
686.0,25,,Tablet,120,10,1.9386069865146514,1,300,10,1,10,0.0
687.0,45,UK,Android,,20,5.03545380006336,,300,5,0,2,0.0
688.0,45,UK,Android,5,2,6.217163972481749,,,0,1,,1.0
689.0,30,,iOS,200,5,6.026498150501274,8,60,20,1,1,0.0
690.0,25,US,,,5,4.313886901345911,,1,50,0,1,0.0
691.0,,US,Android,,2,3.7118018889794833,1,1,,,10,1.0
692.0,45,US,Tablet,20,10,1.7048282142289786,10,60,,1,10,1.0
693.0,40,IN,Web,60,,4.221553280341643,,,10,,10,1.0
694.0,70,US,Web,-10,2,2.045277743502109,2,1,20,1,2,0.0
,18,PK,Web,-10,10,7.476473926676075,5,1,50,0,1,1.0
696.0,50,BD,,30,1,2.4838938871986045,5,30,,,5,0.0
697.0,40,US,iOS,5,2,1.0563704002030716,3,30,0,,2,0.0
698.0,40,,Tablet,5,10,5.747478309263726,10,5,5,,0,0.0
699.0,25,BD,,30,2,6.154682460834315,3,,10,,,0.0
700.0,30,IN,Tablet,120,2,8.783174082164802,,,50,1,10,0.0
701.0,50,,Tablet,-10,,5.981325317967977,5,5,100,1,1,1.0
702.0,45,BD,iOS,120,,3.7820681103727343,2,,100,,,0.0
703.0,25,,Web,,10,8.128612874500046,5,120,100,,2,1.0
704.0,45,IN,,,10,,10,-5,10,,0,0.0
705.0,25,PK,,10,,1.2531627039963216,3,30,20,,2,0.0
706.0,25,IN,,5,2,5.875580322975843,2,5,10,0,2,1.0
707.0,25,IN,,10,5,9.126176181505793,5,5,100,,5,0.0
708.0,30,,iOS,60,2,4.264969942233096,,,,1,,0.0
709.0,,,Tablet,30,2,3.3150951180481005,,1,50,,5,1.0
710.0,35,UK,Tablet,30,10,1.8629598416711906,10,300,5,0,,1.0
711.0,,US,Android,,2,1.9387324583858945,8,10,5,1,0,0.0
712.0,45,US,,-10,20,4.6113291012472795,5,10,10,0,1,0.0
713.0,18,PK,Tablet,120,2,6.1589583295345305,10,5,100,0,1,0.0
714.0,60,PK,Android,5,20,1.2658463491112166,2,120,0,,,
715.0,50,US,Tablet,10,,9.425901595739074,5,5,,0,10,0.0
716.0,,UK,,120,5,7.6737693657293615,5,30,10,0,10,1.0
717.0,30,US,Web,10,10,6.072927223694795,3,,100,1,1,1.0
718.0,18,,,60,2,8.370167373920413,10,,20,0,2,0.0
719.0,,UK,iOS,60,20,1.2617741897150763,10,120,5,,2,1.0
720.0,35,PK,Tablet,120,20,5.0299693384646815,8,30,,,5,
721.0,,BD,,120,,6.485884705185803,3,300,,,,0.0
722.0,60,,iOS,120,,8.372202608123747,,1,5,0,5,1.0
723.0,18,,iOS,10,1,7.942960820468043,3,30,0,1,10,1.0
724.0,,,Web,20,0,3.1321578722772965,10,60,100,,1,1.0
725.0,18,PK,Tablet,120,5,9.438361610812441,,-5,100,0,2,1.0
726.0,35,PK,Tablet,-10,,1.6812854935932684,3,5,,,1,1.0
727.0,60,IN,Web,5,,8.813769376900945,8,60,100,,0,1.0
728.0,40,,Android,5,2,9.723932371243876,3,120,,1,1,0.0
729.0,25,IN,Web,10,1,2.1829584706149427,8,60,100,,,0.0
730.0,45,IN,,120,2,7.35962760993596,,,0,1,5,0.0
731.0,40,,Tablet,,2,0.8827124283909854,3,1,50,0,5,1.0
732.0,25,IN,iOS,30,10,4.351516838821972,8,10,,,10,1.0
733.0,30,UK,,20,10,,3,5,10,0,1,1.0
734.0,70,US,Tablet,,10,6.016129646141524,,10,100,0,1,0.0
735.0,50,BD,Web,,1,9.391403858361315,3,,20,0,0,0.0
736.0,,PK,,60,2,6.88638152929485,2,,5,,5,1.0
737.0,45,UK,Tablet,,0,5.072140536582752,8,5,0,1,0,1.0
738.0,60,BD,Android,10,5,8.191912844525948,,10,,,5,1.0
739.0,35,,Android,20,10,9.530061799066885,8,30,20,0,0,1.0
740.0,60,,iOS,200,10,0.709628412481763,8,,100,1,5,0.0
741.0,35,,Tablet,200,,9.833952086432367,1,10,0,0,0,0.0
742.0,60,UK,Android,120,2,1.3182553211049632,,300,10,1,5,0.0
743.0,70,UK,Web,120,2,8.236674403053232,3,10,5,,,1.0
744.0,30,PK,Tablet,10,1,3.1631801492384186,,300,10,1,0,0.0
745.0,30,US,Web,120,1,1.7557067486617817,10,300,20,,1,1.0
746.0,,IN,,30,10,4.678628577281431,1,,5,0,10,1.0
747.0,,,Android,20,2,6.617587504752328,2,5,50,1,,1.0
748.0,30,,Tablet,10,0,4.119042527723012,8,120,20,0,,0.0
749.0,30,US,,5,5,1.01837137868564,8,,,1,0,0.0
750.0,40,,Android,60,,6.1948808267578075,1,5,10,,,1.0
751.0,40,PK,Android,10,,9.07283112305141,3,5,100,1,1,0.0
752.0,25,PK,Tablet,10,2,,10,,10,,,
753.0,,PK,Tablet,200,20,2.555161387492857,2,-5,0,,1,1.0
,45,BD,Web,-10,1,4.704484786361746,8,,20,,5,1.0
755.0,40,,,-10,,0.9594457549634183,3,5,,,10,0.0
756.0,45,US,Web,30,5,8.29463205256261,,60,,1,2,0.0
757.0,18,US,Android,5,10,8.350237704026775,10,300,5,0,5,1.0
758.0,40,UK,iOS,200,,6.08600440258147,,120,10,1,10,0.0
759.0,70,UK,,5,2,3.8544774449147,10,120,100,1,0,0.0
760.0,,,Android,30,10,8.097941962234941,2,300,100,0,0,0.0
761.0,25,UK,Tablet,-10,2,5.769526735489488,5,10,10,,1,0.0
762.0,18,PK,,10,10,8.346356931225154,10,10,0,,,1.0
763.0,,US,iOS,120,5,,5,,100,0,2,0.0
764.0,70,,iOS,120,1,7.951851995521574,,-5,,,0,1.0
765.0,,PK,Web,,5,6.1863484355687195,10,60,5,,10,1.0
766.0,70,BD,,60,20,4.434340148048829,2,120,20,1,,0.0
767.0,70,UK,Web,30,0,9.600485669298306,1,1,,,,1.0
768.0,45,PK,Android,60,1,5.640581336349025,2,1,0,,10,1.0
,60,PK,,60,5,6.248350426135115,2,30,100,0,,0.0
770.0,18,BD,Android,-10,20,2.594632574440118,1,5,20,0,0,1.0
771.0,,IN,Web,-10,0,6.443682499559126,1,300,50,,10,1.0
772.0,35,US,,10,,5.930272670087967,3,5,10,0,,0.0
773.0,18,,Web,,2,2.255964780496737,10,5,10,,1,0.0
774.0,60,,,-10,2,1.0660774248548652,,60,5,1,2,0.0
775.0,18,IN,Web,120,10,6.241413537290326,3,30,50,0,1,0.0
776.0,30,UK,iOS,60,1,7.755076558828045,1,-5,10,,2,0.0
777.0,35,PK,Web,,2,5.472313023759078,5,30,10,,10,1.0
778.0,60,BD,iOS,20,,2.654339940536634,,120,,0,,1.0
779.0,45,BD,Web,30,20,6.831958778583831,5,60,100,0,2,0.0
780.0,,US,,,1,1.2610044027912213,2,5,5,1,10,0.0
781.0,50,IN,,120,,4.697420195618569,8,,20,,10,1.0
782.0,60,,,-10,2,2.0519842047849917,2,5,10,1,1,0.0
783.0,25,US,Tablet,200,,2.2523609850688917,2,,,1,1,
784.0,,PK,Android,10,5,2.4217925170029346,8,,0,1,,1.0
785.0,60,US,,20,10,4.17371704191779,10,,0,0,5,1.0
786.0,30,,iOS,5,,0.9859269533937774,1,30,20,1,0,1.0
787.0,50,BD,,,0,4.279037688826433,5,-5,50,0,5,0.0
788.0,30,BD,Tablet,200,2,5.361220747589658,2,,5,0,5,1.0
789.0,50,UK,iOS,,,5.091295707180089,8,10,,1,,0.0
790.0,,UK,Tablet,20,0,4.136448953828886,3,60,100,1,2,1.0
791.0,,,iOS,30,0,8.47189277667215,2,-5,,,,0.0
792.0,45,PK,Web,30,20,1.8806035779947892,5,10,0,1,,0.0
793.0,30,,Android,60,1,5.304119065923053,1,300,0,,10,0.0
,30,IN,Android,20,20,1.0893934610872658,2,-5,20,1,10,1.0
795.0,,US,Tablet,,,1.1759789493401427,2,10,50,1,10,1.0
796.0,50,,Android,5,0,5.951725571932415,10,5,50,1,0,1.0
797.0,40,PK,Tablet,200,,5.877175036434299,8,300,20,1,2,0.0
798.0,,UK,Tablet,5,5,8.841318372022341,3,,,,2,1.0
799.0,50,US,Tablet,10,0,5.799799918770695,3,1,0,,10,1.0
800.0,70,UK,Android,30,,9.618014693846076,,,,1,5,0.0
801.0,18,US,Tablet,30,5,0.9626010597993329,1,60,,1,0,0.0
802.0,50,IN,Android,60,20,1.4310730054170402,,10,5,,5,1.0
803.0,45,PK,Tablet,10,20,0.9186256849186232,5,1,0,0,1,1.0
804.0,,US,,30,1,2.26013007816863,1,300,50,,2,1.0
805.0,70,,Tablet,5,,5.642066053945942,2,300,100,0,2,0.0
806.0,18,,iOS,10,0,,2,-5,,,5,1.0
807.0,35,BD,Tablet,5,10,0.9330590005123536,3,60,0,,0,0.0
808.0,70,,Web,30,20,9.486723453533193,5,60,,0,2,0.0
809.0,35,,Tablet,30,20,8.50057107817862,8,60,5,0,5,
810.0,,,iOS,200,1,3.3178185804923848,5,1,10,1,,
811.0,30,BD,iOS,,5,1.2332815371514456,2,60,0,,,
,70,,Android,,1,2.113927195581044,8,120,20,,0,0.0
813.0,25,US,,60,0,1.7059719306722405,5,1,10,0,5,1.0
814.0,35,US,Tablet,5,,1.671195903339995,5,300,,0,,1.0
815.0,45,US,Android,,2,5.426336042324472,8,1,20,,,1.0
,25,BD,,120,2,2.8355507036873027,2,5,20,1,10,
817.0,60,,Tablet,10,,3.902327307026872,,5,20,0,0,0.0
818.0,60,BD,Web,-10,5,9.900300667151063,8,60,0,,1,1.0
819.0,18,US,Tablet,,20,7.000985364790775,10,300,50,,10,0.0
820.0,30,,iOS,30,5,9.515316336946512,10,1,,1,5,0.0
821.0,,,iOS,60,20,1.8542872728145983,2,,10,1,10,1.0
822.0,70,,Web,-10,20,4.130325010909408,8,1,5,0,10,0.0
823.0,40,UK,Android,20,2,5.769952131182365,,120,50,0,5,
824.0,45,UK,,60,5,1.2292015879430112,8,5,,0,5,1.0
825.0,35,IN,Tablet,20,1,0.5397807144655997,5,1,0,,,0.0
826.0,,PK,iOS,,20,6.869126171070716,2,120,20,0,1,0.0
827.0,25,UK,Android,20,10,6.597285409613636,,5,5,,5,1.0
828.0,60,BD,Web,200,10,4.402493694996312,,120,,0,2,0.0
829.0,45,UK,iOS,200,1,5.15161872230431,5,-5,,1,2,1.0
830.0,40,IN,Web,200,10,,,5,,1,1,0.0
831.0,70,,,,0,0.7280479260264441,,,50,,0,0.0
832.0,18,IN,,60,20,3.686030259065893,1,-5,100,1,0,0.0
,40,,iOS,60,1,2.1822814262742534,,1,50,,2,1.0
834.0,45,,iOS,30,5,,,300,,,5,
835.0,40,,Tablet,200,20,9.588844121948823,10,120,,1,,1.0
836.0,45,,Android,30,1,6.193917387900573,10,120,,,0,1.0
,45,PK,,,2,7.422234700247725,10,,,1,0,1.0
838.0,50,UK,iOS,30,5,3.4959555610281163,8,120,0,0,10,0.0
839.0,35,BD,,-10,2,4.234897730193144,5,300,10,0,2,1.0
840.0,60,BD,iOS,,20,2.750777942018873,10,10,5,1,5,1.0
841.0,50,US,,20,5,1.4211738741715352,5,120,,1,1,
842.0,70,,Web,200,10,2.200800555695046,2,10,20,1,0,1.0
843.0,50,BD,iOS,,1,8.076383430316614,,300,10,1,10,1.0
844.0,30,PK,,30,20,6.9366851492458705,10,300,50,0,2,0.0
845.0,30,,Android,20,0,5.69582432186203,2,,5,,2,1.0
846.0,60,PK,Web,60,5,5.013353792234296,10,5,50,,1,0.0
847.0,40,BD,Web,5,5,9.263125694733182,1,,,0,0,1.0
848.0,35,BD,Android,20,,1.1909820038973498,3,60,50,,1,1.0
849.0,60,US,,-10,20,3.1657077257602015,2,,50,0,1,0.0
850.0,45,BD,Tablet,-10,20,3.8244096089217834,10,60,,,,1.0
851.0,25,,Android,30,,7.933045216021484,3,,50,1,,1.0
852.0,35,,,10,,9.928888891538728,2,,20,1,2,1.0
853.0,35,,Android,-10,10,,8,30,20,1,,0.0
854.0,45,,Android,-10,2,8.805919674302267,10,5,10,0,5,0.0
855.0,45,US,iOS,30,,8.390916224102018,8,,,0,,0.0
856.0,18,US,,20,2,2.634245277596783,1,,100,,2,0.0
857.0,60,BD,Tablet,10,10,4.293659511892614,10,10,50,,10,0.0
858.0,45,IN,iOS,,,4.391892258278931,,5,50,,5,1.0
859.0,30,IN,Android,5,,9.793096351002305,1,10,5,0,0,0.0
860.0,70,US,Android,200,0,2.218473063099534,3,120,0,,5,0.0
861.0,25,BD,Android,60,2,8.09200072549543,2,10,100,1,0,0.0
862.0,,IN,,-10,2,3.674830784644544,5,-5,10,,5,1.0
863.0,,BD,,30,5,7.443268284873524,1,120,100,1,1,1.0
864.0,30,BD,iOS,,10,4.490104540808797,5,300,50,0,5,0.0
,40,BD,Tablet,60,1,5.9944177496071305,5,1,5,1,,1.0
866.0,45,UK,iOS,60,0,8.409811846598245,2,10,,1,,1.0
867.0,,,Web,,,8.1395728673469,3,10,0,1,10,1.0
868.0,45,BD,Android,,,,2,5,,0,0,1.0
869.0,35,UK,Android,,,1.0663645907742607,10,300,10,0,2,0.0
870.0,30,US,Android,120,0,7.074480253877576,1,,100,0,10,0.0
871.0,35,IN,iOS,120,,1.8298800788567473,5,30,10,0,,1.0
872.0,18,,iOS,60,,4.450276396174905,2,60,50,,,1.0
873.0,35,,,,10,5.711589943019541,2,10,10,0,0,1.0
874.0,18,IN,iOS,-10,20,4.326025105094892,2,,,1,,1.0
875.0,18,,,200,20,5.436310920128571,1,30,5,0,,0.0
876.0,,,,200,5,9.966999933586882,3,60,10,,0,1.0
877.0,45,IN,,120,5,1.78456448027212,,1,20,,,0.0
878.0,40,,Android,60,,6.916832430696043,2,5,5,,2,1.0
879.0,35,IN,iOS,30,10,4.262009180663345,1,,100,1,1,0.0
880.0,30,IN,iOS,20,,1.7635930896196235,5,,0,0,10,1.0
881.0,18,,iOS,20,5,2.0079992520559404,10,60,0,0,2,0.0
882.0,45,IN,Web,120,0,9.51809450933336,,-5,50,0,2,0.0
883.0,25,IN,,30,0,8.856214218761739,8,10,50,1,1,0.0
884.0,60,,Tablet,120,1,9.116898623942708,,120,20,1,10,1.0
885.0,,US,,20,20,9.919561370360173,,30,,,2,0.0
886.0,40,BD,Web,30,10,2.4789962050809207,1,300,,,,1.0
887.0,50,PK,iOS,,2,3.8766737049585864,8,10,0,0,1,0.0
888.0,,UK,Web,60,20,6.857580784286234,2,120,0,1,10,0.0
889.0,25,PK,Web,200,2,5.0961241286761485,,,0,1,,1.0
,,PK,Android,10,1,4.474700567094168,,1,,0,0,
891.0,25,,,60,1,3.899206868688134,,10,0,0,,1.0
892.0,35,BD,Tablet,,,6.140916003462796,8,5,10,,1,1.0
893.0,18,,iOS,20,5,5.968137572080779,2,-5,100,,0,1.0
894.0,40,BD,Tablet,,1,2.0338494236102806,5,300,5,,5,1.0
895.0,70,,Tablet,120,1,4.981528456425171,3,5,5,,2,
896.0,18,,,30,,5.7579818739935735,3,120,20,0,2,0.0
897.0,70,BD,Tablet,200,5,5.91772591794821,2,10,10,,10,1.0
898.0,60,IN,Tablet,-10,1,2.496018332667342,8,-5,0,,1,0.0
899.0,45,US,Web,120,,7.551578226396725,10,10,0,1,1,0.0
900.0,50,,,60,1,0.7393914008001615,2,,50,1,10,1.0
901.0,30,US,Android,120,5,3.8709026276600453,10,1,50,,0,0.0
902.0,18,,iOS,60,,7.912020161088519,10,60,20,,2,1.0
903.0,40,US,Tablet,-10,10,5.856982750026322,8,10,0,1,2,0.0
904.0,25,,iOS,5,5,2.9810431088531724,10,120,20,,1,0.0
905.0,40,,Android,200,2,,5,5,10,1,1,1.0
906.0,60,PK,iOS,10,10,5.890213969482697,,,5,1,10,0.0
907.0,70,,Android,,20,8.064314289835679,2,120,0,1,5,0.0
908.0,25,,Web,5,0,,,300,100,,0,1.0
909.0,30,PK,Tablet,120,5,6.296025259344229,5,60,,0,,0.0
910.0,30,US,Android,,,5.137687915452733,1,,10,,5,1.0
911.0,18,US,iOS,5,2,1.7652301938414725,3,1,0,1,5,0.0
912.0,60,,Tablet,,20,2.9826636699111457,2,60,,0,1,1.0
913.0,45,IN,Web,30,10,4.48144499271231,2,120,100,,1,1.0
914.0,60,,Tablet,,20,6.1933432265606925,2,300,50,,1,1.0
915.0,70,IN,Android,60,5,5.380224624545396,5,30,20,,5,1.0
916.0,40,,Web,60,,3.23775299661553,1,1,50,,0,1.0
917.0,30,PK,iOS,,,0.5614113990022502,,-5,5,,1,0.0
918.0,40,,Web,5,5,5.214272608057732,8,30,50,1,2,0.0
919.0,40,BD,Web,5,0,3.2134468913413095,1,10,0,,0,1.0
920.0,40,US,,,5,7.4787788567500835,5,,,1,2,
921.0,30,IN,Web,20,10,0.7274895200695932,2,5,50,0,0,1.0
922.0,,,Web,30,10,6.055864207405013,3,,0,,1,0.0
923.0,35,PK,Tablet,5,5,9.444005256307621,2,120,5,0,,0.0
924.0,70,IN,iOS,,10,2.1568880375592454,8,300,,1,10,
,,,Tablet,-10,1,4.980670162130656,10,60,100,1,1,1.0
926.0,70,US,Tablet,,20,1.3685089222628126,3,,50,0,5,0.0
927.0,25,,Android,-10,5,6.44397816648285,2,60,20,,,0.0
,60,US,Tablet,200,,5.730050965664143,,60,20,,5,1.0
,60,UK,,120,1,4.369972480021907,,10,100,0,0,0.0
930.0,50,BD,,5,20,5.4530817040005415,10,1,20,0,5,0.0
931.0,60,UK,Android,200,,9.017459255455597,1,5,50,0,,1.0
932.0,30,PK,iOS,200,,2.364795871955137,5,-5,50,,,0.0
933.0,45,IN,,,,0.7143628612007987,2,1,100,,1,1.0
934.0,18,PK,Tablet,5,20,8.685816404641459,8,300,,,2,1.0
935.0,50,,Tablet,10,1,5.982612282685111,1,60,,0,1,1.0
936.0,18,,Tablet,,,8.961255326887503,2,10,0,,,0.0
937.0,70,US,iOS,,,6.17097962242514,1,300,5,1,5,0.0
938.0,18,UK,Web,120,2,8.196530354617174,8,,,0,,1.0
939.0,18,UK,,120,5,4.581896951873905,2,5,,,10,1.0
940.0,50,,Web,30,,7.623669347238553,10,-5,20,0,,0.0
941.0,25,UK,Web,30,20,9.173893935453632,10,,0,1,2,0.0
942.0,40,,iOS,60,10,5.93516815536096,8,10,100,1,2,0.0
,60,PK,Web,20,20,2.2174589303426053,3,5,20,0,1,1.0
944.0,60,US,Android,5,1,3.0535773427868826,8,,0,0,10,1.0
945.0,30,IN,Tablet,5,20,2.387123480525355,3,60,50,1,,0.0
946.0,50,,Android,200,2,2.8451417621594626,2,60,,0,0,0.0
947.0,30,IN,,5,5,3.4109467688348456,3,60,100,1,0,0.0
948.0,45,PK,Tablet,5,5,5.7737709741552905,2,30,20,1,2,1.0
949.0,45,,Web,20,20,6.085920479906411,2,60,50,,2,1.0
950.0,30,UK,,30,,4.5517475987976805,,30,20,0,5,0.0
951.0,50,BD,Tablet,30,0,6.346497408297936,5,,10,,10,0.0
952.0,30,PK,Web,10,0,1.2749617933079762,2,30,0,,,1.0
953.0,60,PK,Android,5,,1.3339882520525197,3,5,10,1,2,1.0
954.0,,US,Tablet,20,,2.1323798733977553,5,,0,0,,0.0
955.0,35,IN,Web,30,,5.421736231383275,5,,5,,10,
956.0,18,PK,Android,20,1,2.532949447633979,2,,,,,0.0
957.0,35,PK,,-10,0,3.1912018331794845,8,120,100,,0,1.0
958.0,,UK,,5,,4.302971943643444,8,,20,,5,0.0
959.0,35,UK,,10,1,8.212728178098608,10,,5,1,10,1.0
960.0,45,,,200,10,,5,10,5,,5,1.0
961.0,70,,iOS,30,1,6.669098792247913,2,1,100,1,2,0.0
962.0,18,,,-10,0,6.854327044886511,,1,100,1,1,0.0
963.0,40,BD,,20,20,8.087229913388047,8,10,0,0,0,1.0
964.0,50,,iOS,120,10,9.361152921072975,,60,10,,2,0.0
965.0,18,US,Web,,0,0.6913095650182534,2,10,50,,2,1.0
966.0,35,,Web,5,,1.9609452023755538,2,,,1,10,0.0
967.0,45,,,5,2,8.918627293531934,5,,50,,5,0.0
968.0,25,UK,Android,-10,5,,,10,5,1,0,0.0
969.0,,,Web,20,0,5.863611069867903,10,10,50,,2,0.0
,40,IN,Android,60,,6.7987584353699,5,60,10,0,10,1.0
971.0,,UK,Tablet,5,1,6.951132742708555,1,5,0,1,0,1.0
972.0,18,US,Android,60,,,,120,100,1,5,1.0
973.0,45,UK,Tablet,120,,9.971019465410862,8,300,10,,,0.0
974.0,45,US,iOS,-10,,7.341495878843932,8,,,,,1.0
975.0,35,US,iOS,20,,3.2286014874489326,8,120,10,,2,1.0
976.0,60,US,,20,,8.857647821796265,3,10,,,2,1.0
977.0,35,,Web,,10,0.9675986881372353,2,60,0,1,0,0.0
978.0,60,US,,30,0,2.695268102307714,5,30,100,0,0,1.0
979.0,60,US,Tablet,30,0,,8,60,10,0,0,0.0
980.0,40,IN,,200,5,2.9338193871738723,1,-5,,0,0,0.0
981.0,35,BD,Android,,1,2.5961850664066106,8,-5,100,0,10,1.0
982.0,25,PK,Tablet,-10,2,1.8121902848323488,,120,20,,1,0.0
983.0,30,BD,iOS,120,10,8.661561697645707,2,1,20,1,10,1.0
984.0,30,US,Web,20,1,,,-5,20,1,2,1.0
985.0,35,IN,Tablet,,10,6.911485429014471,2,-5,50,1,10,1.0
986.0,35,UK,Tablet,60,0,2.771130648712782,,5,10,,5,1.0
987.0,,IN,Android,-10,,7.7013839996065565,,30,0,1,,1.0
988.0,40,US,Web,200,5,7.720052677139936,5,5,0,,0,0.0
989.0,,IN,iOS,-10,,3.469681236628851,3,30,50,1,5,1.0
990.0,,,Tablet,200,20,4.4014850135976875,,300,0,0,,0.0
,60,IN,Tablet,,2,2.4920576355869084,,,,,5,1.0
992.0,45,US,Android,10,5,,5,-5,20,1,2,1.0
993.0,45,,,,,6.63322448205491,8,,10,0,0,
994.0,60,,iOS,20,,9.378166866797397,10,-5,0,0,5,0.0
995.0,50,IN,Web,20,2,3.3821626644767653,1,5,0,0,2,0.0
996.0,,PK,Tablet,10,1,7.927963673470453,5,300,5,,0,0.0
997.0,,PK,Tablet,30,,7.775657116905049,3,5,5,,1,0.0
998.0,60,IN,iOS,-10,,7.070728692732144,5,5,5,1,2,1.0
999.0,25,,,5,5,9.673570265034604,2,,10,0,10,1.0
1000.0,70,UK,Tablet,5,2,4.238775693009998,8,1,20,1,0,0.0
508.0,18,UK,Android,10,,3.653729294990532,5,10,5,0,,0.0
819.0,18,US,Tablet,,20,7.000985364790775,10,300,50,,10,0.0
453.0,18,IN,iOS,30,,5.989166977385304,3,120,50,,0,0.0
369.0,40,,Android,60,,8.749890477495873,,30,10,0,5,1.0
243.0,35,US,,,5,2.6017676162376078,10,,,0,5,0.0
930.0,50,BD,,5,,5.4530817040005415,10,1,20,0,5,0.0
263.0,45,,iOS,30,2,1.1502792993771593,3,5,,0,,1.0
811.0,,BD,iOS,,5,1.2332815371514456,2,60,0,,,0.0
319.0,60,US,Tablet,60,10,5.098195438839339,3,5,,1,10,1.0
50.0,60,UK,Tablet,200,1,9.247026678255036,5,60,50,,0,0.0
447.0,30,US,Web,60,1,9.929527057133752,2,60,0,1,1,0.0
143.0,70,US,iOS,20,10,6.15452192420531,8,1,20,,0,1.0
969.0,,,Web,20,0,5.863611069867903,10,10,50,,,0.0
346.0,60,PK,Tablet,200,,6.41615733077849,3,-5,50,0,2,1.0
972.0,18,US,Android,60,,9.351533831506828,,120,100,,5,1.0
134.0,45,UK,Android,120,20,3.76217367068762,3,300,20,1,2,1.0
,,,Android,20,20,5.4849885577836055,3,1,50,1,,0.0
7.0,30,US,Web,,5,6.003487433288409,,300,0,0,1,1.0
601.0,40,,iOS,-10,,5.995678828178636,2,1,100,,10,1.0
497.0,50,UK,iOS,,20,7.597243537725775,8,1,50,0,1,0.0
703.0,,,Web,,10,8.128612874500046,5,120,100,1,2,1.0
473.0,,US,,,,9.923646098767112,1,5,100,,5,1.0
599.0,18,,Tablet,,2,6.507764436422331,1,30,5,0,5,0.0
503.0,18,BD,,-10,20,0.9274698017365315,3,120,0,1,,1.0
,30,US,Tablet,20,10,4.4073877346291965,3,60,10,1,1,0.0
120.0,70,PK,Android,10,10,7.521136271424039,,10,10,1,5,0.0
109.0,45,,,60,2,0.7859867860075299,8,30,50,1,2,1.0
648.0,70,IN,Tablet,60,,0.698874119353966,10,60,50,0,1,1.0
590.0,40,UK,,,20,6.035787268774475,3,,100,0,1,0.0
375.0,50,BD,,120,1,4.2325035344852004,2,10,20,,,0.0
911.0,,,iOS,5,2,1.7652301938414725,3,1,0,1,5,0.0
719.0,40,UK,,60,20,1.2617741897150763,10,120,5,,2,1.0
745.0,30,US,Web,120,1,1.7557067486617817,10,300,20,,1,1.0
495.0,40,BD,,20,10,2.716661815168603,10,120,5,,0,0.0
405.0,45,PK,Web,30,,2.505696454301355,8,,5,,,
275.0,,PK,iOS,,5,6.312394690980604,2,,100,,10,0.0
79.0,18,BD,Android,30,5,4.662696825859273,2,,0,1,0,0.0
722.0,60,,iOS,120,20,8.372202608123747,,1,5,0,5,1.0
645.0,18,PK,Web,60,10,5.786414054813809,5,-5,100,0,,1.0
615.0,,PK,Android,,5,2.3643343087085738,5,,50,,10,1.0
