client_id,age,annual_income,credit_score,num_transactions,avg_transaction_value,region,is_premium,target_spend
1,56.0,81832.3429551895,521.9301397618134,30,,North,0,8523.60670731645
2,69.0,65486.97890826721,684.2913437286272,27,,West,0,2977.499818940567
3,,27209.4505106898,524.0480888934445,31,71.55312282876875,South,0,
4,32.0,42736.48890700623,810.5905651869913,29,,East,0,1295.6720213546164
5,60.0,69003.66723779934,639.4654320704711,24,120.57092271345736,West,0,1881.2373626091908
6,25.0,39384.958015718286,614.7868898955899,25,81.84242322413421,North,0,3240.7438028981314
7,38.0,56657.291422193426,531.3313775855029,21,103.71854748292878,North,1,900.9906516763842
8,,61619.510801440054,656.0247903527193,34,147.45273827826804,West,0,1369.2140530163933
9,36.0,36096.04292632875,553.9489739009781,33,124.23577812460937,East,0,2898.459009907776
10,40.0,49107.119659072996,,40,143.37651921889938,West,0,3114.621406122639
11,28.0,1380.9898989639114,804.8067630615036,28,199.05762338061942,West,0,1937.9412654258297
12,28.0,34634.185379985654,592.3152080220281,31,57.430335531557944,West,1,1256.5683784840144
13,41.0,46211.4777291026,691.9418661028541,30,,,0,3257.506101085495
14,53.0,31283.252270527257,543.745885989929,21,124.17423750092851,East,0,2956.6654350495182
15,57.0,74486.16955897454,597.2009207602431,23,84.04863806707488,East,0,2407.36819265734
16,41.0,28547.87933059051,741.6640508508408,35,66.78745497044041,South,0,1512.558590637548
17,20.0,43399.332699545244,549.8426353769786,26,112.43518436891866,North,0,1970.582395497178
18,39.0,51961.10865929137,744.9958846397543,31,156.8660044769784,East,0,1903.7839513731014
19,19.0,71619.09933599173,656.620154836438,28,114.89803518489863,South,0,2198.510782769347
20,41.0,28462.06773230841,555.0026579284586,32,180.4461972098939,,0,2870.6008628788018
21,61.0,67447.45628232439,650.5926191244416,39,61.95297239793764,East,0,2527.650224682442
22,47.0,50153.4959152938,677.8043559701384,28,119.51644208615782,East,1,1353.5743538091451
23,55.0,,649.7447969773757,37,69.90426222347523,South,0,2825.8978700117227
24,19.0,56931.55211394906,474.3820224087635,35,134.5452753049987,North,0,2187.879284007893
25,38.0,52985.895433602054,541.8290259340105,21,155.475495603892,North,0,2412.23947751535
26,50.0,40996.74684261808,580.1985091558796,24,,South,1,2879.9245155671615
27,29.0,51047.031274850284,594.0453256719964,32,15.831445734914638,North,0,
28,39.0,44220.2960470736,649.6537678040543,23,127.95792587185979,East,0,1978.5046527761222
29,61.0,51702.76017876872,614.2160800746603,40,,West,0,1681.127269184471
30,42.0,59931.9601178157,493.1724513031919,32,136.1717901984679,West,0,1059.2843447807263
31,66.0,73790.25224218029,630.415828080477,24,169.43128767288616,East,0,2208.025986562952
32,44.0,31432.767517597265,1010.5905651869913,28,,North,0,3506.933930950654
33,59.0,81995.500619844,644.7832358344832,28,147.20864421801798,West,0,895.9533532965484
34,45.0,,686.4624580443698,45,167.700300499119,West,0,1980.6316333703178
35,33.0,47723.22357446625,666.7137723639123,27,48.85649663973933,North,0,2384.325761044864
36,32.0,58824.75809726865,636.734406338275,29,132.7860730367591,West,0,2073.846920993709
37,64.0,54214.87801602549,,32,99.83280675969314,South,0,1932.1231684905558
38,68.0,40659.50720269109,467.12312531872067,32,116.73909307593416,West,0,
39,61.0,46878.16624464087,634.3694575306068,23,133.90705934153345,,0,2139.672045764098
40,69.0,42604.985980117504,616.6150149730489,35,100.51085743545791,North,0,
41,20.0,41159.52864583683,621.7263069756299,19,92.97167683353553,West,0,686.046977012868
42,54.0,62744.03145531537,497.86011393437525,23,121.36609669952098,East,0,2716.7553323082384
43,68.0,55355.23228947571,513.515476767339,27,76.5101624454879,,0,2575.0314919052253
44,24.0,39606.35607109019,684.2522282666323,33,76.56699484459259,East,0,
45,38.0,63493.99813149876,596.8355876914676,36,,West,0,2137.4448129234215
46,26.0,54609.49281314914,654.5200557898099,27,74.04823859365376,North,0,2644.5908076293367
47,56.0,62192.931782584405,602.2654700904369,30,146.65250003636848,South,0,
48,35.0,59444.432628854185,602.3804911596596,23,138.50365171415805,North,0,2542.4105328567884
49,21.0,37565.07483616892,675.0627044780798,29,50.967730848376135,,0,1821.5106794756898
50,42.0,41597.284397045456,558.7164217426101,28,92.8974139065738,West,0,2787.1902431443677
51,31.0,61209.40407684893,607.6896621552787,36,167.76437612189488,West,0,2192.47143555961
52,67.0,59155.55398150197,563.0179769035966,35,80.75337875441274,,0,2116.4311661635243
53,,49686.47609053778,565.2403018054148,29,101.42382950762449,North,1,1237.9633467727808
54,43.0,51759.91074963173,575.2662301225089,34,138.48243573007585,South,1,2172.173512581025
55,19.0,69164.97343682637,617.770701730697,30,151.33562037130383,North,0,1500.8270495033294
56,37.0,41126.42916746255,561.7001102669218,44,109.93844455822017,North,0,1617.0303640829036
57,45.0,58206.460717550566,700.4604900458817,22,96.09959221233433,North,0,1510.7746230103273
58,64.0,46967.110213491585,528.4314158224397,29,176.8947944679403,East,0,1360.2590408604651
59,24.0,46734.78195159169,,21,189.55598655190317,South,0,
60,61.0,66481.65277980786,564.821515338066,23,159.15432203127182,North,0,2798.8034371930416
61,25.0,,715.7582307482986,34,123.41272570260097,North,0,3152.220501286557
62,64.0,,615.724382120926,28,87.66937113436295,North,0,1266.2629882666615
63,52.0,,682.5475631574908,29,86.78222373773738,,0,2042.7522499465356
64,31.0,50315.05762449138,481.1551701570422,35,140.9005642106303,West,0,1223.8954248775426
65,34.0,60229.294569424455,621.3640212695407,33,136.73592883554736,,0,1582.5830736817616
66,53.0,45345.99865109816,671.1704636498749,26,176.06394371785717,South,0,1449.1238099500551
67,67.0,54862.49528732663,606.582719142034,29,146.01800370144556,South,0,2743.7504038649367
68,57.0,48047.85418448473,685.2384300052281,32,,West,0,1762.262193138944
69,21.0,51454.93947489077,558.6169239919702,20,162.07790470891675,South,0,2641.02760021641
70,,58927.3553815537,712.7477952148464,23,80.07757490742348,South,1,2362.472533753111
71,23.0,37726.689751497914,783.91184988954,30,104.64114912190594,South,0,3382.1832512628735
72,59.0,81385.8091352819,570.9729151648273,16,,North,1,1112.3334661161657
73,21.0,34909.73927750447,564.3597982879382,34,199.8266995913586,South,1,2755.539943872079
74,46.0,31787.17080818402,716.270758169416,20,244.39674224021445,South,0,2687.8645222404366
75,35.0,67371.66310250101,,43,144.2689223654473,East,0,1415.9726971837792
76,43.0,61874.94040944404,558.1711978277385,28,112.67213525118449,North,0,2604.2800018838957
77,61.0,59361.79725578232,566.3850546323314,27,141.38022593922202,North,1,2201.6869778157375
78,51.0,59425.1826389642,,33,155.50621703495344,West,0,
79,27.0,49816.29840729628,492.4439591172578,24,107.17329497771233,North,0,1505.6387078168002
80,53.0,36541.18442771253,526.5078442812642,33,191.80845423649288,South,0,1568.5343291304885
81,31.0,,,26,129.20283036765608,West,0,3229.8872574715556
82,48.0,39842.574327318325,538.5761947916698,26,139.90972356365577,North,0,2000.4096913744895
83,65.0,64626.796001266266,597.2252090090575,32,146.63697008217846,North,0,2469.2780009188755
84,32.0,47794.13927746792,618.7371786029216,25,136.86346442457824,East,0,1525.460370999468
85,25.0,37617.54204811233,724.0400394251261,32,153.5576200187845,South,1,1532.0882322670168
86,31.0,45179.2123752051,,32,95.30987253812307,East,0,2649.190885549965
87,40.0,56193.97181413436,678.7457918781267,35,97.66792984215877,West,1,1190.2542730690807
88,57.0,41544.13170794038,582.8808924619593,31,75.99383068113221,North,0,1750.8717392568371
89,38.0,37666.69406650353,596.0429032278054,36,137.58004922480904,East,0,2020.4164466433392
90,33.0,53655.30817237868,653.9855593733283,23,151.15746014048457,East,0,2066.8235611040313
91,,53674.49856663084,510.1822382750161,40,138.31091464607545,North,0,1892.5440289903063
92,35.0,42395.85236943305,630.5927796947241,28,186.9796973339015,East,0,2237.491868657554
93,64.0,42934.425415725156,613.3161766570445,29,119.77615924683813,South,0,2415.713453490687
94,41.0,53480.74906036454,639.3961011206519,41,,East,0,2440.782527275598
95,43.0,28278.734877540137,623.1334915126255,22,76.33196495442743,North,1,1408.517714799304
96,42.0,,,38,,South,1,1829.5069412427217
97,62.0,39223.33668121346,548.9808012598947,26,,South,0,2716.8577171261627
98,58.0,46798.292724322295,557.5202435998546,39,153.96408442972574,West,0,2536.788312544323
99,46.0,54663.61348397007,550.1487578860189,34,108.24132209343271,North,0,1176.2843291113618
100,32.0,72130.34325424329,555.5618304671797,36,117.13602992567732,South,0,2210.887940211321
101,62.0,62864.89434803029,549.0090298154786,35,59.28505013276762,South,1,
102,18.0,47600.922050548594,695.1213224886042,24,105.71883196773562,West,0,2028.1609412362218
103,42.0,49714.75688145967,713.6403398391884,17,155.61532654079144,East,0,3138.660210047586
104,24.0,,554.3402965000419,23,143.00820064426264,East,1,
105,26.0,49722.30296011415,533.4115541516617,36,140.0266288552484,West,0,1499.4061727050507
106,41.0,45670.120416197926,1010.5905651869913,30,121.9909474872384,West,0,2458.417868943716
107,18.0,54840.778405071345,555.8221564575223,34,120.28252634512705,South,0,1074.3190908742124
108,61.0,37591.53584671515,,31,93.58715442106211,East,0,1620.3469820689766
109,25.0,57790.197713617585,616.233841668104,27,147.9531368081014,West,0,2357.8646825490514
110,41.0,,478.74047080022143,33,136.8389177755756,,0,1619.428491386358
111,28.0,48368.597773147136,723.8004161064049,32,139.68075391971198,West,0,1858.418007673417
112,68.0,56025.67583148412,743.6702138476418,24,98.95860629329678,South,0,2446.5114261890208
113,34.0,60352.159875666686,550.9769047612491,22,33.866283205150225,North,0,2252.927650121937
114,25.0,43981.692921712456,568.9838752051213,35,163.88610847014783,East,0,
115,52.0,53361.38722715625,622.8692312579924,31,100.84650175966384,West,0,1796.5266324379768
116,52.0,50188.88601172692,626.756543198962,32,85.48896943827518,East,0,2222.036669161373
117,50.0,51465.14147823248,652.6835418138264,28,147.73915647655974,East,0,1925.760391940146
118,22.0,38404.853242168,,31,104.31949440323481,West,0,2274.683365955471
119,59.0,50367.652613884144,585.844221800476,34,162.39745536186487,South,0,1701.840784929213
120,56.0,57469.974368681746,536.1362204369237,34,144.6802379830679,West,0,1890.4586153722753
121,58.0,71767.15411692562,489.65446175883784,43,147.3427729280191,South,0,1406.0253244687917
122,45.0,64389.0623912781,541.5255968046465,27,65.36177155197862,South,0,1978.9954339962585
123,24.0,82297.73686267334,597.3498421700963,27,168.47775941545603,South,0,1513.3994818226931
124,26.0,38489.78655667926,743.564629081423,29,130.45002124935425,West,0,1331.5721299028041
125,25.0,63084.80955081017,,38,105.22891443015187,North,0,2155.196688713233
126,,52750.130086075274,617.9030361311119,28,125.73553869369005,North,0,2127.643865514596
127,51.0,,598.6861683141798,33,48.95059068406721,,0,2469.7242409691435
128,50.0,37875.525719672725,695.0714618758467,32,136.34611245922684,North,0,1741.3246582549405
129,65.0,37404.17236728836,802.1545940698898,35,78.82513967271714,East,0,2244.831708102053
130,,205045.55159169834,557.5304981663744,31,65.89318856625863,East,1,2330.478543364198
131,41.0,18141.564135352895,560.8448445985422,32,59.10563255128436,East,0,2266.864284698957
132,54.0,,,31,164.507534999597,East,0,1504.6077903187147
133,52.0,38613.01007669453,654.5513191701049,31,94.82946425228846,North,0,2089.6180893627134
134,61.0,52255.906797143114,747.7365860588827,33,,East,0,2218.4841776327967
135,57.0,55126.339636657394,646.7142548260771,26,98.56794147790808,South,0,
136,39.0,78142.56258823829,571.2566327370353,30,51.70568169628213,East,0,748.1134049773491
137,,,647.2523864553848,19,75.33902240205364,North,0,2096.293774384088
138,52.0,41346.44516506395,688.6962864466326,35,169.43246480027756,East,0,3327.518623638345
139,18.0,36523.77992977463,665.6385744957892,35,113.7640728825333,North,0,1783.9764387458104
140,52.0,57378.78757259758,640.5819224885838,29,98.06850814037597,South,0,1563.1537412868074
141,54.0,30196.501894690366,685.3339751671323,27,126.4007290341115,North,0,2224.0091358268387
142,64.0,77471.8814878153,,21,140.0713094467018,North,0,2187.426926279943
143,31.0,67691.60181081931,710.5727192830021,32,164.69595263609844,West,1,2715.6410992498486
144,20.0,42962.365218429426,651.8967910071714,32,,South,0,1245.2791064546673
145,18.0,24302.98206363684,586.6305535746517,32,105.60925416843656,,1,2438.8281515449953
146,22.0,,611.7370949146658,22,66.95809255671847,,0,2354.253236750878
147,43.0,48281.902321210735,696.5207173206686,36,103.46139355506895,East,0,1914.7120778356723
148,31.0,68567.24467960192,534.6451463210211,31,130.41122026331544,North,0,2203.212390753014
149,56.0,26083.585118084495,629.4938647098321,24,81.44964295157556,South,0,2617.6744889590145
150,44.0,41009.374655693406,568.5328950138112,27,81.71396340419828,West,0,2523.3892280170703
151,26.0,50078.65549577275,602.2995858347854,26,133.75151526199542,South,0,1314.1884127557628
152,32.0,50704.70890647113,702.2761490085838,27,118.05390593718195,North,0,2492.0949120532905
153,32.0,43249.01792781134,615.2879254415923,26,121.31187981646346,East,1,1961.1868369804888
154,43.0,59342.748985212485,603.7149238524919,37,89.66018661199722,West,0,2043.7244588093092
155,59.0,33985.69355926108,491.2115087216065,24,110.7839714317693,West,0,2043.9181946010167
156,30.0,47864.3077246806,659.7002852821777,29,83.03067422926782,North,0,1909.854206721044
157,68.0,,651.6387344912861,23,155.60793644499148,East,0,2715.024498264239
158,49.0,57716.582510881235,773.0603778644368,34,161.4099733889501,North,0,1949.7692240904728
159,56.0,60674.223171333346,575.3777412037599,29,46.152485510476254,North,0,1328.2723229700987
160,66.0,33130.36862243196,617.5320262131152,35,82.8195655923036,West,1,1763.8820864181628
161,69.0,26988.287438965664,619.9506946968604,32,60.138829796396834,South,0,2107.2168300862854
162,49.0,69165.15232847763,726.196262381078,34,93.99904262372408,South,0,2737.5288705782305
163,21.0,54984.71017969387,592.3763574090439,43,116.66248120838557,North,0,2361.8568109693
164,47.0,38772.701951651696,622.3217220616272,19,62.0141912120588,West,1,1489.6788327517736
165,54.0,73267.27963283785,648.6317207773232,26,83.12560747498748,West,0,3491.113950007335
166,40.0,51735.11951439288,614.9287298525087,39,79.84170511674006,East,0,2158.865186586788
167,56.0,67689.45776095739,564.2853108359577,26,128.29069317595776,West,0,2765.234442799409
168,62.0,51012.777221151635,615.5271994318646,29,122.77377348145002,North,0,
169,32.0,80911.21887322981,685.8905399887817,19,,South,0,2320.0155468232697
170,60.0,76330.11263664806,517.8787760471151,14,127.07283488557592,South,0,2503.681102711043
171,46.0,46265.5377728139,610.6375739317501,39,98.13279661650938,North,0,2730.9168270525533
172,53.0,64573.56426431533,543.9903348048662,30,109.13379558695787,East,0,2634.4209832269353
173,,59680.639243777216,695.6037303139874,27,186.93808361194147,,0,
174,49.0,70529.47336298523,478.145047617298,41,173.6184420716139,North,0,1810.9479612835348
175,24.0,35526.14809129843,555.2862522182729,29,68.0167505228961,South,0,1656.9523748263632
176,68.0,60290.77189997659,630.1769500051616,26,153.189296715167,North,0,2199.5645061945183
177,39.0,65876.36730274382,725.2419223387473,25,152.45586217966368,South,0,2559.8768434046415
178,45.0,,594.739979114161,32,74.06946844989527,West,0,1866.3675795340357
179,19.0,32251.122310013372,555.5840378645441,22,,East,0,2639.103179428632
180,,19411.51733359849,750.4925655552472,25,181.5172767365021,East,0,2871.570047291708
181,62.0,45958.89748333163,484.1588879667005,37,75.09820775022345,West,1,1450.2074485559483
182,23.0,60763.133836939436,424.09552347039346,30,83.29988715942946,North,0,1497.847577722232
183,45.0,72535.35578144042,635.2011560042666,37,160.7064586737401,East,0,1915.7749646567981
184,45.0,51111.42170629663,,20,130.85981243302592,South,0,2184.5676009135177
185,61.0,,518.3013746295429,31,142.05905100958094,East,0,1685.2597917397693
186,61.0,29298.47812677663,656.6685157839482,29,133.62356865601987,,0,2811.3216073202866
187,37.0,24449.26340967268,619.5040571016959,37,,West,0,2254.4401169110706
188,47.0,49166.78451655072,554.8737095410618,29,66.94111486755668,South,0,2023.6682289444436
189,28.0,55760.98173408961,497.57564810632846,32,161.89270826485793,West,0,1138.4542856788835
190,45.0,49509.578778588606,669.7965862624116,19,166.78359969711096,North,0,1210.5105101434956
191,,18988.36849940185,,35,110.82437023727888,North,0,2168.605550169084
192,56.0,48663.19940730817,592.0659308976494,25,118.2609220074455,North,0,720.4426243070982
193,50.0,30432.957492427202,747.7309596838132,24,58.755699897771116,South,0,2607.582445786443
194,18.0,60045.08823245058,1010.5905651869913,34,140.5701902407134,East,1,1905.1076933766078
195,44.0,,477.9579863260209,25,142.88229766856577,East,1,3945.85578175684
196,69.0,35901.80320508967,544.6473544095004,37,117.51235932002756,West,0,3384.7497503696663
197,30.0,,596.3531186915602,25,164.9741343948201,East,0,1891.1305584514898
198,58.0,34111.79717166573,619.4671559458153,29,106.63691076080238,East,0,1936.197798481211
199,20.0,49059.813540902425,580.7011153714936,31,142.58423703574402,North,0,
200,56.0,64327.134807518574,628.1644317211437,22,79.21342645231537,North,0,3021.9035659508227
201,23.0,35214.10930496684,,36,119.05791396503048,East,0,1017.1825655383899
202,25.0,,,25,113.02582968388657,South,0,928.1747207871881
203,,42046.13572441339,593.4279057285945,26,129.01231688163767,West,0,1626.7791166673712
204,26.0,38106.907516064835,689.3836665270502,31,105.21892284666566,North,0,14097.855299425912
205,54.0,48394.544600681635,627.4180277102163,35,114.74109617313329,North,0,2298.124154304558
206,50.0,34471.365163709386,636.5402575323027,39,153.04188685766024,South,0,2641.8628729903103
207,68.0,,645.5813824185764,24,,South,0,1280.181482980815
208,59.0,32031.831611167272,635.8166848013852,35,55.73691597045283,North,1,610.3136822186741
209,61.0,,651.4178207894035,23,189.98335616821683,West,0,2514.8085171812872
210,41.0,50528.95327957593,706.3322024105945,32,175.25816314761946,North,0,1503.0822362208592
211,,39504.117380111216,615.7216935761176,29,68.30949219577525,East,1,788.9072813668172
212,49.0,53209.69866101333,656.720300607081,21,147.58831220980778,South,1,2087.038247575629
213,49.0,48315.07925463755,592.8211444570219,35,99.88100917794628,North,0,2475.9054129312062
214,41.0,46685.45600700165,715.2093772359578,32,130.53948861324238,South,0,1926.7657207272337
215,58.0,59212.50050065138,545.8886158352584,38,131.76896516053975,West,0,1725.2909682905065
216,69.0,61362.61565070957,744.0752346328652,24,110.62368798734713,South,0,1904.382660712456
217,66.0,42042.48278584209,596.7873639484525,31,88.64937337654413,West,0,1777.6503425595304
218,66.0,41362.7263903298,,36,92.37835790734962,North,0,1191.1717328358998
219,69.0,45874.22454272534,,33,83.3523233807503,West,0,1571.191593805741
220,29.0,,545.5158674020096,29,86.72711167078221,South,0,2312.7679430082885
221,56.0,27272.134067021718,667.251483919098,29,117.31286839802578,East,0,
222,,70503.11401166787,547.7900816558088,30,91.36960043556994,East,0,
223,20.0,74674.51570251926,564.3053253428176,27,147.28208262850478,,0,
224,66.0,46264.45940665432,448.83674152435754,22,179.4898462134371,South,0,1891.0981027185996
225,54.0,58648.35444583649,563.8154944600739,23,96.79787034519828,North,0,693.7609721342872
226,66.0,54668.75231815304,406.0896538696835,29,129.57618002141507,North,0,2107.085998331234
227,,96183.21212682856,473.28777412114215,32,139.98740441211734,West,0,2857.3146246881406
228,66.0,66793.62367151865,660.8331724915438,27,138.880090836771,East,1,1115.5207207747367
229,19.0,48081.2361277885,662.8640126920666,32,123.03821071664349,West,0,1648.4433960093468
230,19.0,35666.89339099362,634.0366049427972,33,149.7072967343889,South,0,2197.4640672260775
231,45.0,25903.30519613641,522.641908549663,33,139.28995810722628,South,0,2751.7055806564904
232,40.0,53051.954538008344,596.1830915086416,24,70.4935031069081,North,0,1731.0652302199103
233,54.0,38654.73882073545,599.7117968727546,25,154.7662425755709,,0,1584.6498024404623
234,49.0,28666.19435603489,507.3308248645966,26,155.4916334906697,East,0,818.6461145503501
235,,40301.4067363621,720.271864141372,33,89.46855583285674,,0,2062.0628775848636
236,18.0,33776.779945784074,670.1889832460537,27,121.51751341790408,South,0,3225.2456240862466
237,36.0,75307.12452608848,582.3228660936269,37,147.33315971244278,East,0,2166.4150771788054
238,19.0,63224.59635424176,602.1508671195625,35,111.62744721682554,East,0,1986.632612489772
239,61.0,49880.41038025074,616.6706246358042,26,162.91912191064046,South,0,2193.249386460191
240,43.0,,436.6612105260567,33,214.55489978477442,West,1,1993.3447976308387
241,49.0,51160.524614714275,580.2258093983522,22,88.5605586946007,,0,1512.191376643922
242,23.0,185403.6849003802,545.4412601601762,29,64.758215873849,West,0,
243,49.0,72846.86115904486,519.8703992084068,31,132.15274382419503,West,0,2135.4569138670527
244,21.0,,577.5119765691236,29,,South,0,2010.5679511601943
245,28.0,34441.30768510315,743.8149221479619,26,110.76534504620923,South,0,
246,34.0,47144.91982874588,651.2674289013607,34,178.13042653284137,,0,2782.1047591608553
247,55.0,36865.726199228644,554.3056808173762,34,,North,0,2398.8216471998658
248,41.0,29258.00403553496,,36,147.71674492126445,West,0,1668.2474975796188
249,22.0,63892.66321297462,711.9484349268802,37,95.76556716964427,West,0,2601.0949122091624
250,69.0,78641.24960705196,,33,188.77511624829185,East,0,1701.4574969688756
251,51.0,29021.486392712883,604.7704295936139,21,199.70061412672473,,0,1530.7979044933777
252,23.0,58444.538550358564,548.2450577835541,27,89.33373648866609,South,0,1544.1781295118278
253,39.0,40240.361463172594,655.8578650890872,27,,South,0,937.3588681471454
254,28.0,42693.11924352956,631.47883083374,34,154.38351547919208,North,0,2282.9254282509237
255,65.0,41114.09113641696,671.6154576022186,38,104.51477400841941,South,0,901.3130729969898
256,33.0,37040.138454802756,650.8137441345575,33,,South,0,1262.9337012405424
257,,50727.82441917241,,38,121.0155368216964,South,0,754.6471945528801
258,26.0,37535.748253834434,557.1811830751545,20,43.21307375209375,West,0,1948.3581843254642
259,23.0,54056.85238669758,705.3915252507461,35,119.44649015623051,,1,1909.8077238368767
260,33.0,49246.42835826294,,37,92.41088903743304,North,0,1803.9822720881816
261,46.0,46415.77929700386,766.0208698100212,32,100.27508710400912,South,0,1374.4533831976541
262,20.0,36386.545069376036,544.8649745528346,33,177.74528013875255,,0,1296.659747938016
263,37.0,,738.87710425322,37,69.73972422882974,North,0,2278.6219181279444
264,,,615.8328626770118,30,152.5282074699191,North,0,1669.6688409749074
265,,57513.75781436571,547.8865597108442,27,108.84148278672765,North,0,2189.814992921687
266,43.0,35336.67132802174,561.2891332756543,35,,East,0,1468.8507883254665
267,20.0,51489.98458143839,574.3722153444544,38,151.61487584206844,North,0,2108.6376456626494
268,,61270.80685057683,633.9332757121533,32,133.6020517827556,,0,2781.9668223896383
269,37.0,24958.920783179423,641.82683904284,31,142.82451988878125,South,0,2351.69948023567
270,49.0,58150.402885699026,554.1039996849137,25,158.72738642131443,East,1,1752.5517090701119
271,24.0,40060.643615812296,598.0516326191214,22,106.74766467266709,South,0,2154.3193822135563
272,,,771.3816286889491,30,95.51053061968999,East,0,1855.6008952818722
273,58.0,38551.11265186225,738.2034536080569,42,76.59397893768808,East,0,2004.728110816837
274,50.0,22926.768490032213,634.9058935739225,34,86.9835788008418,West,0,1804.633368710898
275,57.0,25586.86343175256,603.040278253456,32,,West,0,1901.3988764687654
276,56.0,50721.27419992073,609.6025061374609,26,169.78718322947145,East,0,2127.2560118445053
277,35.0,53895.83752582223,649.0814378184333,29,65.95702535167915,West,0,1403.9847802508295
278,,182176.25311716937,518.1765947841276,23,67.1016817302572,West,0,1390.472703806013
279,18.0,59578.88688166061,579.4098770061324,30,,West,0,1166.8744677012733
280,28.0,25077.1990659656,466.51327408979284,32,141.8905918951187,North,0,1039.837337297774
281,45.0,49008.80302029025,631.9378498084224,25,141.9553534126946,North,0,1269.6303846677124
282,42.0,31834.75700356315,651.7756751762192,25,109.80176825785209,North,1,2095.6775040824773
283,67.0,40222.45838296761,561.3450830160501,22,114.981829599884,East,0,1464.3274907048694
284,40.0,50710.98006974621,725.9189410632026,35,133.11518096637428,South,0,2308.168678538658
285,48.0,37093.799520740715,501.9387469598127,30,123.43572025173322,South,0,2020.828249251537
286,47.0,44231.66683655262,482.8500095832144,40,31.2279850900986,West,1,818.8974719371677
287,59.0,65094.39213821661,617.9561454847977,21,110.80801477699225,West,0,2392.985350533014
288,52.0,41346.62195715277,683.7678642089724,22,85.94374262958746,West,0,
289,24.0,62535.38168097712,734.7142153166295,30,127.00845675634048,South,0,1403.682395099088
290,33.0,33054.397180135726,563.2892589704848,30,239.4103601041364,West,0,2252.114925736995
291,43.0,57947.06266872924,686.2944666745036,26,134.69926661897216,South,0,1486.1010575544806
292,65.0,71623.5293098685,596.9193224399435,29,107.45881255310408,North,0,2058.6022260490013
293,69.0,12925.332498090662,586.1898160047344,39,156.8720600790901,North,1,1241.3009558270205
294,66.0,38046.57116794285,670.6927949989338,32,139.3075154883685,South,0,924.136128479254
295,19.0,58656.081907708096,652.1858302730735,36,136.80377961807366,South,0,
296,18.0,46954.31920935511,473.88862744126004,32,,West,0,1925.7626322350984
297,,55567.188100569634,718.1232279780717,26,202.26174259318165,North,0,1761.3921838312376
298,29.0,40940.22219926269,710.4073083317961,32,74.76446258696338,West,1,1289.5816650664642
299,22.0,51298.8468120935,549.9549838792376,22,138.94528307245818,East,0,1760.0605627213176
300,54.0,47664.84146911881,631.6642826749927,29,82.94475480073847,South,0,2161.5768515484406
301,49.0,67516.73092489711,639.5224149026191,22,,East,0,1973.0641819264779
302,26.0,53816.31264951819,620.8539012659126,34,83.25253954055623,South,0,2109.500618359528
303,58.0,55064.039931128034,555.9755876923664,20,103.30532745579663,East,0,1597.9308797274603
304,52.0,43821.84550816299,,41,108.19640343048374,South,0,2703.0307488296958
305,36.0,42685.906638912595,597.9556743206844,33,159.03266877378837,North,0,1294.2959980671317
306,65.0,43511.627182705684,693.8183215407491,31,156.73817775769655,North,1,2292.5361782520313
307,33.0,55916.78213567445,643.4880123675546,32,70.17130494214462,East,0,2709.134655775977
308,20.0,43685.232787696055,570.3508534331115,32,122.19736443999395,West,1,2288.5448556493375
309,37.0,54346.62285344619,661.7358968518676,34,91.6168058100331,South,0,1878.485463761102
310,41.0,81131.01197968159,372.11659034959393,38,69.65980357298662,West,0,1683.0217720022124
311,50.0,63066.87055147538,691.9012560297683,30,111.31931798302519,East,0,2621.652590627754
312,41.0,45109.647017482384,460.82289769775207,26,107.66068846176721,,0,1146.2150448429961
313,69.0,68018.20883245918,571.0047246877494,31,217.06865945382089,West,0,1417.9254437722138
314,28.0,43878.86940467673,,22,137.31839301442784,East,0,1761.4653407049673
315,66.0,19428.13197233219,496.42548194232756,27,64.89529996983052,East,0,2742.592254507199
316,25.0,34878.70533623894,692.8661429902816,32,97.40903983316231,West,0,
317,53.0,21938.121184612166,562.5839038950487,33,160.85533181717594,South,0,1419.1725448938528
318,55.0,44727.297739380374,627.7203105384573,33,203.537710914797,South,0,1813.8153767690578
319,57.0,50276.27568784328,596.2463536896653,27,,North,0,1631.4061135422235
320,37.0,75146.55968412924,638.1632661778497,29,44.8030245944382,West,0,1574.126604659879
321,52.0,54903.910606462436,606.1457512848204,39,194.8386070148713,West,0,2587.3337351340674
322,65.0,46713.49206786704,497.3606220649144,27,135.58456709483616,North,0,
323,42.0,62441.083717752335,679.7013455557712,28,85.26829072494535,East,1,2965.268513440624
324,52.0,16832.970364881723,560.499473347095,33,141.38516344489742,East,0,2496.9378141107736
325,42.0,53534.21837162849,475.47344810721995,28,,North,0,2654.5170023622186
326,46.0,307814.8895415225,,29,120.13502026388645,,0,1722.236292784845
327,35.0,27821.206313302377,720.0607832507449,38,133.11284691372342,North,0,1910.0355685525344
328,63.0,67156.31064810394,668.0177393690794,23,156.9708055815132,North,0,1140.1089112851728
329,35.0,55077.44611241621,572.1078292473712,32,79.4441619082985,East,0,1685.2025557599181
330,19.0,43770.681291487985,572.0593836545257,27,123.42748645613436,West,1,
331,52.0,59491.72799159427,574.2691959026093,28,82.9830149576165,North,0,2777.6378370688376
332,33.0,84060.39286706594,,33,130.21535022697267,East,0,1335.705909918529
333,58.0,52727.99382587743,630.5548361785243,28,84.18614710547904,East,0,1780.6964378088405
334,53.0,53723.30879450504,634.4033317752856,33,103.67596643359117,North,0,1909.2204678604867
335,50.0,43109.58650689634,682.4226763225474,30,80.16738420839084,North,0,1162.526478684509
336,21.0,37252.33445802813,619.1031327221211,28,146.0454496729463,East,0,2354.80954505504
337,50.0,62455.03724816369,579.2766283343437,24,154.33804466626663,South,0,1565.6058009544345
338,31.0,37158.74261136699,584.2920120732017,34,110.61517720170345,,1,1882.7657892937857
339,38.0,51073.49355829089,594.2718992468749,27,121.52951979840114,West,0,1728.8303768528733
340,65.0,42835.13829852325,597.0222210792127,32,62.05634341465824,,0,1526.3968965681954
341,37.0,57184.697386195876,658.2103634909583,44,108.01293407972852,South,0,1995.7730087116672
342,25.0,55004.931579304226,604.155670864584,28,117.99181531833021,,0,1870.6342528591865
343,24.0,65563.0991638685,658.6112061772463,31,224.831723641199,South,0,1776.8852706328007
344,,42349.75401717879,593.5426735913134,31,75.52131896903346,South,0,1562.9230269917944
345,34.0,45951.87597059943,,34,178.5670895500975,North,0,2191.714802469773
346,50.0,35318.54426326539,440.14394523743135,29,159.87435093863232,North,0,2992.170361095371
347,65.0,43335.60109885833,673.3062139761985,26,131.22545617960546,West,0,2083.9323397034764
348,,55659.50739567279,,19,190.34481936780534,South,1,2597.670928946677
349,68.0,61354.829249680275,679.8408087887722,31,134.88421890427452,North,0,1165.8668449079223
350,39.0,180837.60068667808,1010.5905651869913,31,135.56636782671714,East,1,
351,39.0,63044.088801584905,767.0699763824582,29,117.87517387929819,South,1,1341.5790086173602
352,,70334.56788207426,588.8328297475861,30,168.9427552967451,East,0,1113.8450434808592
353,47.0,56201.523548355515,688.6546253390013,32,163.85876935243533,South,0,1556.3771555245783
354,55.0,78151.937188371,516.8075258299575,32,94.9729085001515,West,0,2715.1396006481436
355,55.0,38393.1620134464,649.0219124050055,28,67.2301122160493,West,0,2570.0094972017873
356,62.0,31330.179450328746,515.7267549461075,30,111.88077450417371,East,0,
357,68.0,23319.19626643582,550.0984831443355,39,87.99845742409414,South,0,1080.3796640660416
358,25.0,72440.66467233775,753.122508309343,30,117.4590170153858,South,1,1882.2316091672378
359,44.0,,584.7454079389323,23,169.49752538736556,West,0,2181.0200053410413
360,,49166.229936343174,617.3946298543779,23,101.70793379652841,South,0,2105.3217377471587
361,51.0,54199.529394797304,669.6054184551003,26,118.287064747537,North,0,
362,38.0,33117.66429052435,639.6545510378083,41,,North,1,1465.809291188077
363,47.0,86686.27969425239,612.0335124114861,30,153.93723528821138,East,0,1961.55334151077
364,50.0,51938.31772962841,629.196880197298,31,30.124426640615795,East,1,2321.7745457103138
365,45.0,51640.92191907339,792.273246819062,26,95.73198820938813,West,0,682.3233073400322
366,64.0,60886.49935848038,595.3904962373132,34,128.4513476911789,North,0,1902.725614712085
367,50.0,57215.1384760507,616.0879237371973,30,168.00315825707446,South,0,
368,22.0,53358.26036418697,684.0523516806089,31,100.32390209975179,West,0,2509.767193109728
369,65.0,38142.88316832032,688.4420746366387,36,,West,0,2415.714550542462
370,36.0,,694.9624244448304,25,144.78845783864546,South,0,2349.542791285283
371,21.0,78230.3674471255,651.0984177623347,37,94.58550444697482,South,0,1520.0356959788396
372,52.0,70181.30069232467,508.55960698156133,29,72.41333363638554,South,0,
373,66.0,73897.79939959096,730.6745225840876,33,95.02618441147104,,0,1764.1683457631593
374,34.0,42331.76485353222,508.29236855850496,33,112.61898569376602,North,1,2600.979095125136
375,61.0,35155.92769612129,624.2108372191227,27,95.81021341847149,,0,2836.072716514659
376,45.0,48113.19619850528,539.6579319984513,35,31.77735771603723,East,0,
377,47.0,50835.87368433042,594.8689322725606,33,155.8826478754853,East,0,2257.6044936810404
378,46.0,66412.87277706423,626.3009928242784,26,170.9950016511489,North,0,2227.783789031579
379,63.0,24613.03055427771,625.7085772360218,34,146.06087965358023,East,0,1666.3287519435316
380,23.0,72943.2547919092,633.7536603388228,34,74.49257318300734,South,0,1921.963823867828
381,52.0,47629.88152131516,729.0969015246917,33,111.94033864209928,North,0,3001.4417154957987
382,58.0,43596.7839507887,636.2827441211184,36,119.73914739082167,East,0,1434.465196524874
383,54.0,34818.434371097486,580.4674691767481,21,143.95177558247642,,0,2968.867274425911
384,41.0,25177.14992201346,677.1269734630686,20,146.73361954872323,East,0,1806.783107304765
385,46.0,,695.1576391139713,28,90.63304804886016,West,0,2795.259265457047
386,66.0,51099.76950782606,501.7913747890406,27,123.27982225654242,North,0,1155.910994301477
387,63.0,,647.7920055879887,30,138.29121618460965,South,0,2351.5425206987893
388,48.0,30573.818419045758,,20,178.23289288587065,North,0,1557.9379184314269
389,52.0,44963.229510648074,576.1949197312007,35,148.18026159298893,East,0,1150.8396848454875
390,50.0,75035.32287934089,710.0565450649295,18,151.56226749502076,,1,2131.1204254465674
391,69.0,46106.12972954593,587.9955530373978,28,123.35306511717444,East,0,2605.683073157581
392,38.0,27452.855703228408,610.0461162777234,25,176.41836580814015,North,0,1493.0351368439021
393,49.0,46313.85403871084,586.1542540572905,28,136.3905118383799,South,0,1100.5904237249592
394,40.0,45909.146453784946,601.2463238065174,27,85.55648359305718,East,0,1944.893141399027
395,,9546.700355876426,512.2979930483839,25,176.13479880500762,South,0,1947.5388027336915
396,20.0,49185.577002232814,,28,147.9161309015611,West,0,2328.991776532699
397,35.0,46535.98204686983,727.5604050579977,30,102.2782391548607,West,0,2569.756742818693
398,42.0,,532.2430921345338,31,100.82028130403026,East,0,1964.3508912365035
399,59.0,77734.34142418018,,20,131.86302180563047,South,0,3113.3019888765575
400,48.0,66898.47544321636,1010.5905651869913,25,138.5273918107034,South,0,2134.540846721175
401,20.0,45966.669641677545,548.8830601848398,31,127.89169062524826,North,0,
402,57.0,33402.11136887495,494.15281652740015,23,132.4523469377154,South,0,1033.0595845383032
403,63.0,88600.3970487479,731.3612128109096,26,,South,0,1842.4042878102994
404,41.0,50888.27651021732,680.7853671474107,26,162.86172608939543,East,0,1798.1678327533182
405,67.0,50208.939378694195,,32,127.62542365060098,East,0,2576.1828777688825
406,49.0,49638.12369334995,780.1948644275446,34,157.65242323069933,North,0,2277.4901744401122
407,64.0,52971.271411517824,678.5412389593275,17,78.69904385889842,South,0,1292.3785270204298
408,,47834.593821140865,574.0134893193102,33,135.91708199787234,North,0,2103.3526318466224
409,40.0,41395.069896796456,400.0475428101141,36,192.3722539893244,North,0,2402.918703037432
410,19.0,41797.115881394115,783.2754058072594,26,111.27816418430504,West,0,2916.8188156326996
411,44.0,49508.70094676002,488.8342026589123,27,86.0946428552366,North,0,2532.5023804484354
412,59.0,41848.62843299352,468.3681002434487,28,93.91644445627757,South,0,2456.5079925868868
413,19.0,,681.8056345607712,36,76.41467850630447,North,0,2036.051596769098
414,43.0,51596.453415378455,795.1801925071418,29,88.60952367489186,West,0,
415,34.0,46175.34173868717,710.7418254808415,28,105.17967605639885,East,0,2749.7029404236955
416,57.0,72559.89482874033,645.1127296041888,21,63.77731923285432,South,0,1200.33356151221
417,50.0,10235.45287410482,647.5803473332229,30,120.62473335798413,East,0,1790.3364036698265
418,26.0,66372.60277883692,668.2732447024246,32,156.09108695146588,West,0,1536.4587507462556
419,60.0,68691.27788746444,660.7142871829412,34,83.6897527941232,,0,2227.4918712356744
420,65.0,18899.146513877757,622.4953139175501,42,180.77135694567076,North,0,2738.1333053904727
421,,44859.68608879477,,27,140.43168354110378,West,1,1641.8154279673556
422,,44428.38701006313,594.9925497680382,35,161.2232234249623,,0,565.8173795183372
423,59.0,28887.32457923268,539.6828328906658,17,93.68661784591453,West,1,1752.6675529853178
424,43.0,38332.74968613687,577.5459938506581,43,154.18100908266462,East,0,2548.084239210444
425,52.0,33341.36231801257,464.5634548643692,29,76.32264398418748,East,0,2322.5779417699277
426,67.0,76284.05665135435,592.13282985642,25,155.60990003346035,South,0,2256.9117486863456
427,,64035.17589721191,520.9127114279266,28,,West,0,1832.004018875312
428,41.0,69073.32642491237,511.7128546227383,35,142.13004879939135,East,0,1232.5815582681282
429,30.0,60825.08096064853,614.3915320922782,25,72.97621577500593,East,0,
430,24.0,33064.22343174156,711.360182907568,29,84.19720630893582,South,0,1499.4309139792251
431,53.0,,673.465328480185,25,143.88912873013538,West,1,
432,62.0,,474.3599517101458,32,82.06607983103197,West,0,2342.3043250127093
433,37.0,31668.082866620818,520.829749074373,23,138.52825168396492,North,0,1651.6110184676295
434,18.0,60694.97645258582,,34,65.31448774159017,West,0,1633.1688515668232
435,25.0,46395.119027627974,521.4010085169352,32,153.92696850666673,East,0,1944.233476031847
436,63.0,44377.68788675604,,34,70.69906740925964,West,0,1856.2988467869502
437,33.0,60664.39952305237,644.0041679219642,38,142.09199750718093,South,0,2670.1002653179726
438,31.0,56663.9496722906,522.5324436109092,28,145.02523734584003,South,0,2111.8497018464277
439,29.0,44585.507512713804,,22,92.12912726281701,West,0,1561.020956654883
440,,67389.94705046373,493.2779604065436,26,143.28106268338908,South,0,
441,40.0,33784.05008600154,551.8905884839029,27,130.41769053334224,West,1,2029.5849989121336
442,32.0,59239.034104163955,625.582554731403,23,98.44632575229048,East,0,2461.303805581338
443,,58896.51886952575,472.56050131746645,30,79.65781263695168,East,1,1635.0640955331444
444,51.0,45356.803410290144,635.2379790368319,30,41.49497233309684,South,0,2217.869376646714
445,19.0,54891.99533363177,598.4289760858655,33,133.98600189198774,East,0,2186.665994685917
446,49.0,31233.296354220456,644.1991963533718,23,57.40788914551779,South,0,866.2104247423083
447,40.0,63860.40528810352,617.9131307251729,22,123.81376797765233,North,0,3209.165066276384
448,39.0,47226.46795335517,709.1312343979075,35,,South,0,2774.3866765535286
449,68.0,,610.0179602118326,27,,North,0,1761.6828103124074
450,42.0,65735.13838755334,565.6475567099798,36,107.91818002040543,,0,
451,,39434.84464185861,609.7838002425827,38,106.82208854611635,,0,2208.536968282131
452,39.0,28873.080554546606,643.463842322911,35,149.27482817153182,South,0,2052.018619648638
453,66.0,26650.562397141442,603.9088056260564,28,133.4023211633647,West,0,2213.4013691379378
454,,59090.14927018459,603.2473352963106,19,132.64623828731112,South,0,2114.9464377164536
455,59.0,30793.559712555754,543.8406649754596,26,138.77070359234105,East,0,2303.744593583556
456,23.0,,546.9679265959242,34,,West,0,2868.383419635084
457,32.0,18771.058881744168,487.79157825602454,41,150.27154719947927,,0,
458,60.0,75446.84552435057,739.9661394549552,44,144.49875176054408,South,1,1370.2067006540353
459,54.0,53165.26200803927,500.4909411686972,28,79.33267485694012,West,0,2817.5377116274713
460,50.0,48549.30332194411,544.5675841763274,24,110.23678105303195,South,0,2984.3687380929723
461,25.0,41826.21369786575,542.5274187544642,32,118.42770849489476,,0,3891.2340407072506
462,61.0,55987.04171528106,671.5939501555553,31,114.6201286239307,North,0,1325.9035800562413
463,61.0,49435.47946362727,576.4040257366378,36,133.35439866274137,East,0,2145.729207890165
464,22.0,66549.52823024782,699.8193658138987,28,177.25467127324734,East,0,750.7407780866076
465,56.0,51713.41472993059,546.1207500604905,26,163.27066910691315,East,0,2331.8894938275253
466,21.0,,622.3195329779041,39,67.51123226274375,North,0,
467,23.0,44545.81681679216,533.1722357392194,29,144.88279961224194,,0,3154.067476894972
468,62.0,49145.81564418399,771.611930221871,33,,North,0,1535.231017988851
469,49.0,54617.026533380886,504.992126477639,23,135.4723408275681,East,0,986.490177219643
470,69.0,24347.474110150615,624.7856568181622,32,163.63921700743867,North,1,1717.2417555784882
471,47.0,29777.218668414305,650.7021504745679,30,,South,0,814.7073372697175
472,64.0,61148.96141034072,633.1039277961198,30,160.94838184427925,East,0,2450.659672704386
473,52.0,52562.981571919125,585.1769872897834,20,129.97234382566916,South,0,760.9501722462076
474,,47240.24995470981,589.6143440213259,35,161.80353896339014,North,0,
475,69.0,,603.5049177583288,31,125.79551332387565,North,1,753.3129080862818
476,33.0,55213.72558042507,,17,120.95612173139821,South,0,1807.821317278015
477,30.0,41903.60479535958,677.1103293435928,29,105.9434305714507,West,1,2986.0268934827204
478,,,776.8418401273082,37,,West,0,2216.388734861477
479,59.0,52937.67882646522,555.4006571993733,44,87.26285336231994,North,0,1481.9038370210396
480,47.0,35324.40833577452,490.4157616336738,31,181.29470898712464,South,0,1981.2779066365497
481,36.0,56123.79133571708,592.9374361318996,29,139.99456494961487,North,0,2010.8101232266679
482,34.0,24461.245936432395,806.3767470123455,20,64.02775300792234,North,1,2283.5782075060433
483,36.0,65437.33455988466,535.7060345624216,34,134.70597171965687,East,0,1179.884982031504
484,45.0,57088.96223619564,731.1293444355254,30,35.99893969393504,East,0,2355.5403643083982
485,43.0,53840.44601470813,734.2160651261153,26,145.02032067324143,North,0,377.3650210383348
486,54.0,64740.36475918271,555.7129406633604,33,155.40925931955962,South,0,1622.069268581714
487,43.0,74982.11666693864,645.518646334822,31,96.30576177391785,North,0,1707.0356945290732
488,40.0,65215.55097527196,730.271729850283,30,124.94190783822329,West,0,2379.996095642743
489,26.0,22386.88653002532,569.6697807210011,40,198.16629735001146,,0,2013.5785116061215
490,29.0,30806.345498964478,583.7135711918111,32,99.77013182952254,North,0,1156.662167686228
491,18.0,40627.72133456482,553.4655268841085,27,77.64369651773598,South,1,1409.004124509791
492,,50391.36575316251,518.8194615445707,34,179.26653609850393,West,0,2119.2080057284443
493,64.0,57764.88530703685,548.0577963947194,29,198.50348762123178,,0,1952.5595948812663
494,51.0,39113.84280269802,502.0847786590195,30,120.1478268739139,South,0,1652.5255342185521
495,49.0,52801.50146715617,602.7266774607381,22,160.45852141633424,North,0,1711.4997262928123
496,65.0,38669.256014700164,,28,173.65903662123526,North,0,2417.7007982955733
497,42.0,40827.23295512078,618.7028729432598,34,90.30063069846463,East,0,1689.3844562784711
498,,28900.083547276667,475.52834830370983,28,100.58776658528527,South,0,1947.145253582556
499,62.0,36151.50130833643,626.4704185771566,31,169.2349805261894,North,1,3301.9619528483254
500,18.0,29724.730915754997,,35,187.40057114834036,East,0,1145.7904178696463
312,41.0,45109.647017482384,460.82289769775207,26,107.66068846176721,,0,1146.2150448429961
468,62.0,49145.81564418399,771.611930221871,33,,North,0,1535.231017988851
352,,70334.56788207426,588.8328297475861,30,168.9427552967451,East,0,1113.8450434808592
188,47.0,49166.78451655072,554.8737095410618,29,66.94111486755668,South,0,2023.6682289444436
173,,59680.639243777216,695.6037303139874,27,186.93808361194147,,0,
302,26.0,53816.31264951819,620.8539012659126,34,83.25253954055623,South,0,2109.500618359528
364,50.0,51938.31772962841,629.196880197298,31,30.124426640615795,East,1,2321.7745457103138
5,60.0,69003.66723779934,639.4654320704711,24,120.57092271345736,West,0,1881.2373626091908
35,33.0,47723.22357446625,666.7137723639123,27,48.85649663973933,North,0,2384.325761044864
343,24.0,65563.0991638685,658.6112061772463,31,224.831723641199,South,0,1776.8852706328007
